/*
Navicat MySQL Data Transfer

Source Server         : localhost
Source Server Version : 50621
Source Host           : localhost:3306
Source Database       : musikvideos

Target Server Type    : MYSQL
Target Server Version : 50621
File Encoding         : 65001

Date: 2015-08-04 23:15:05
*/

SET FOREIGN_KEY_CHECKS=0;

-- ----------------------------
-- Table structure for `kategorien`
-- ----------------------------
DROP TABLE IF EXISTS `kategorien`;
CREATE TABLE `kategorien` (
  `a_id` smallint(6) NOT NULL DEFAULT '0',
  `a_name` varchar(255) CHARACTER SET latin1 COLLATE latin1_german1_ci NOT NULL,
  PRIMARY KEY (`a_id`)
) ENGINE=InnoDB DEFAULT CHARSET=latin1;

-- ----------------------------
-- Records of kategorien
-- ----------------------------
INSERT INTO `kategorien` VALUES ('0', 'keine Angabe');
INSERT INTO `kategorien` VALUES ('1', 'Rock');
INSERT INTO `kategorien` VALUES ('2', 'Rockklassiker');
INSERT INTO `kategorien` VALUES ('3', 'Hardrock');
INSERT INTO `kategorien` VALUES ('4', 'Metal');
INSERT INTO `kategorien` VALUES ('5', 'Blues');
INSERT INTO `kategorien` VALUES ('6', 'Pop');
INSERT INTO `kategorien` VALUES ('7', 'Oldie');
INSERT INTO `kategorien` VALUES ('8', 'Schlager');
INSERT INTO `kategorien` VALUES ('9', 'Funk');
INSERT INTO `kategorien` VALUES ('10', 'Progressiv Rock');
INSERT INTO `kategorien` VALUES ('11', 'Punk');
INSERT INTO `kategorien` VALUES ('12', 'Bluesrock');
INSERT INTO `kategorien` VALUES ('13', 'Austro');
INSERT INTO `kategorien` VALUES ('14', 'Disco');
INSERT INTO `kategorien` VALUES ('15', 'FunkMetal');
INSERT INTO `kategorien` VALUES ('16', 'Jazz');
INSERT INTO `kategorien` VALUES ('17', 'Kabarett');
INSERT INTO `kategorien` VALUES ('18', 'ClassicRock');
INSERT INTO `kategorien` VALUES ('19', 'Klassik');
INSERT INTO `kategorien` VALUES ('20', 'LatinRock');
INSERT INTO `kategorien` VALUES ('23', 'PopRock');
INSERT INTO `kategorien` VALUES ('24', 'Schlager');
INSERT INTO `kategorien` VALUES ('25', 'Soundtrack');
INSERT INTO `kategorien` VALUES ('26', 'Synth');
INSERT INTO `kategorien` VALUES ('27', 'Techno, Trance');

-- ----------------------------
-- Table structure for `kuenstler`
-- ----------------------------
DROP TABLE IF EXISTS `kuenstler`;
CREATE TABLE `kuenstler` (
  `k_id` smallint(6) NOT NULL DEFAULT '0',
  `k_name` varchar(255) CHARACTER SET latin1 COLLATE latin1_german1_ci NOT NULL,
  PRIMARY KEY (`k_id`)
) ENGINE=InnoDB DEFAULT CHARSET=latin1;

-- ----------------------------
-- Records of kuenstler
-- ----------------------------
INSERT INTO `kuenstler` VALUES ('0', 'keine Angabe');
INSERT INTO `kuenstler` VALUES ('1', 'Mr. Alkbottle');
INSERT INTO `kuenstler` VALUES ('2', 'Ambros, Wolfgang');
INSERT INTO `kuenstler` VALUES ('3', 'Austria 3');
INSERT INTO `kuenstler` VALUES ('4', 'Wader, Hannes');
INSERT INTO `kuenstler` VALUES ('5', 'Danzer, Georg');
INSERT INTO `kuenstler` VALUES ('6', 'DÖF');
INSERT INTO `kuenstler` VALUES ('7', 'Falco');
INSERT INTO `kuenstler` VALUES ('8', 'Good Fellas');
INSERT INTO `kuenstler` VALUES ('9', 'Gregory, Roman');
INSERT INTO `kuenstler` VALUES ('10', 'Hirsch, Ludwig');
INSERT INTO `kuenstler` VALUES ('11', 'Ostbahn Kurti');
INSERT INTO `kuenstler` VALUES ('12', 'Qualtinger, Helmut');
INSERT INTO `kuenstler` VALUES ('13', 'STS');
INSERT INTO `kuenstler` VALUES ('14', 'Allison, Luther');
INSERT INTO `kuenstler` VALUES ('15', 'Clapton, Eric');
INSERT INTO `kuenstler` VALUES ('16', 'Collins, Albert');
INSERT INTO `kuenstler` VALUES ('17', 'Cray, Robert');
INSERT INTO `kuenstler` VALUES ('18', 'Healey, Jeff');
INSERT INTO `kuenstler` VALUES ('19', 'Hooker, John Lee');
INSERT INTO `kuenstler` VALUES ('20', 'Johnson, Robert');
INSERT INTO `kuenstler` VALUES ('21', 'Johnson, Eric');
INSERT INTO `kuenstler` VALUES ('22', 'King, Albert');
INSERT INTO `kuenstler` VALUES ('23', 'King, B.B');
INSERT INTO `kuenstler` VALUES ('24', 'King, Freddy');
INSERT INTO `kuenstler` VALUES ('25', 'Mississippi John Hurt');
INSERT INTO `kuenstler` VALUES ('26', 'Moore, Gary');
INSERT INTO `kuenstler` VALUES ('27', 'Rosenstolz');
INSERT INTO `kuenstler` VALUES ('28', 'Vaughan, Stevie Ray');
INSERT INTO `kuenstler` VALUES ('29', 'Winter, Johnny');
INSERT INTO `kuenstler` VALUES ('30', 'ZZ-Top');
INSERT INTO `kuenstler` VALUES ('31', 'Collins, Bootsy');
INSERT INTO `kuenstler` VALUES ('32', 'Spliff');
INSERT INTO `kuenstler` VALUES ('33', 'Clawfinger');
INSERT INTO `kuenstler` VALUES ('34', 'Guano Apes');
INSERT INTO `kuenstler` VALUES ('35', 'H-Blockx');
INSERT INTO `kuenstler` VALUES ('36', 'Limp Bizkit');
INSERT INTO `kuenstler` VALUES ('37', 'Nine Inch Nails');
INSERT INTO `kuenstler` VALUES ('38', 'Rage against the machine');
INSERT INTO `kuenstler` VALUES ('39', 'ACDC');
INSERT INTO `kuenstler` VALUES ('40', 'Almighty, The');
INSERT INTO `kuenstler` VALUES ('41', 'Black Sabbath');
INSERT INTO `kuenstler` VALUES ('42', 'Black Label Society');
INSERT INTO `kuenstler` VALUES ('43', 'Deep Purple');
INSERT INTO `kuenstler` VALUES ('44', 'Def Lepard');
INSERT INTO `kuenstler` VALUES ('45', 'Guitars Misc');
INSERT INTO `kuenstler` VALUES ('46', 'Guns´n´Roses');
INSERT INTO `kuenstler` VALUES ('47', 'Iron Maiden');
INSERT INTO `kuenstler` VALUES ('48', 'Krokus');
INSERT INTO `kuenstler` VALUES ('49', 'Metallica');
INSERT INTO `kuenstler` VALUES ('50', 'Motörhead');
INSERT INTO `kuenstler` VALUES ('51', 'Osbourne, Ozzy');
INSERT INTO `kuenstler` VALUES ('52', 'Pantera');
INSERT INTO `kuenstler` VALUES ('53', 'Queensryche');
INSERT INTO `kuenstler` VALUES ('54', 'Scorpions');
INSERT INTO `kuenstler` VALUES ('55', 'Slash');
INSERT INTO `kuenstler` VALUES ('56', 'Van Halen');
INSERT INTO `kuenstler` VALUES ('57', 'Wasp');
INSERT INTO `kuenstler` VALUES ('58', 'White Lion');
INSERT INTO `kuenstler` VALUES ('59', 'Wylde, Zakk');
INSERT INTO `kuenstler` VALUES ('60', 'Accept');
INSERT INTO `kuenstler` VALUES ('61', 'Judas Priest');
INSERT INTO `kuenstler` VALUES ('62', 'Lee, Jake E');
INSERT INTO `kuenstler` VALUES ('63', 'Megadeath');
INSERT INTO `kuenstler` VALUES ('64', 'Mötley Crue');
INSERT INTO `kuenstler` VALUES ('65', 'Slayer');
INSERT INTO `kuenstler` VALUES ('66', 'White Zombie');
INSERT INTO `kuenstler` VALUES ('67', 'Jestofunk');
INSERT INTO `kuenstler` VALUES ('68', 'Locas in Love');
INSERT INTO `kuenstler` VALUES ('69', 'Wir sind Helden');
INSERT INTO `kuenstler` VALUES ('70', 'Blind Guardian');
INSERT INTO `kuenstler` VALUES ('71', 'Moore, Vinnie');
INSERT INTO `kuenstler` VALUES ('72', 'Rhapsody');
INSERT INTO `kuenstler` VALUES ('73', 'Sonata Arctica');
INSERT INTO `kuenstler` VALUES ('74', 'Stratovarius');
INSERT INTO `kuenstler` VALUES ('75', 'Tolkki, Timo');
INSERT INTO `kuenstler` VALUES ('76', 'Malmsteen, Yngwie');
INSERT INTO `kuenstler` VALUES ('77', 'Bach, Johann Sebastian');
INSERT INTO `kuenstler` VALUES ('78', 'Beethoven, Ludwig van');
INSERT INTO `kuenstler` VALUES ('79', 'Chopin, Frederic');
INSERT INTO `kuenstler` VALUES ('80', 'Juli');
INSERT INTO `kuenstler` VALUES ('81', 'Classical Guitar');
INSERT INTO `kuenstler` VALUES ('82', 'Mozart, Wolfgang Amadeus');
INSERT INTO `kuenstler` VALUES ('83', 'Schubert, Franz');
INSERT INTO `kuenstler` VALUES ('84', 'Vivaldi, Antonio');
INSERT INTO `kuenstler` VALUES ('85', 'Buena Vista Social Club');
INSERT INTO `kuenstler` VALUES ('86', 'Santana');
INSERT INTO `kuenstler` VALUES ('87', 'Gandalf');
INSERT INTO `kuenstler` VALUES ('88', 'Comedian Harmonists');
INSERT INTO `kuenstler` VALUES ('89', 'Sinatra, Frank');
INSERT INTO `kuenstler` VALUES ('90', 'Orbison, Roy');
INSERT INTO `kuenstler` VALUES ('91', 'Presley, Elvis');
INSERT INTO `kuenstler` VALUES ('92', 'Charles, Ray');
INSERT INTO `kuenstler` VALUES ('93', 'Rightous Brothers');
INSERT INTO `kuenstler` VALUES ('94', 'Abba');
INSERT INTO `kuenstler` VALUES ('95', 'Aguilera, Christina');
INSERT INTO `kuenstler` VALUES ('96', 'Anastacia');
INSERT INTO `kuenstler` VALUES ('97', 'Aqua');
INSERT INTO `kuenstler` VALUES ('98', 'Atomic Kitten');
INSERT INTO `kuenstler` VALUES ('99', 'Backstreet Boys');
INSERT INTO `kuenstler` VALUES ('100', 'Bee Gees');
INSERT INTO `kuenstler` VALUES ('101', 'Boney M');
INSERT INTO `kuenstler` VALUES ('102', 'Nena');
INSERT INTO `kuenstler` VALUES ('103', 'Corrs, The');
INSERT INTO `kuenstler` VALUES ('104', 'Cranberries, The');
INSERT INTO `kuenstler` VALUES ('105', 'D´Agostino, Gigi');
INSERT INTO `kuenstler` VALUES ('106', 'ELO');
INSERT INTO `kuenstler` VALUES ('107', 'Enya');
INSERT INTO `kuenstler` VALUES ('108', 'Fanta4');
INSERT INTO `kuenstler` VALUES ('109', 'Gorillaz');
INSERT INTO `kuenstler` VALUES ('110', 'Grönemeyer, Herbert');
INSERT INTO `kuenstler` VALUES ('111', 'Imbruglia Natalie');
INSERT INTO `kuenstler` VALUES ('112', 'Jackson, Michael');
INSERT INTO `kuenstler` VALUES ('113', 'Joel, Billy');
INSERT INTO `kuenstler` VALUES ('114', 'Kelly, R.');
INSERT INTO `kuenstler` VALUES ('115', 'Keys, Alicia');
INSERT INTO `kuenstler` VALUES ('116', 'Las Ketchup');
INSERT INTO `kuenstler` VALUES ('117', 'Marlin, Lene');
INSERT INTO `kuenstler` VALUES ('118', 'Level 42');
INSERT INTO `kuenstler` VALUES ('119', 'Lopez, Jennifer');
INSERT INTO `kuenstler` VALUES ('120', 'Martin, Ricky');
INSERT INTO `kuenstler` VALUES ('121', 'Melanie C.');
INSERT INTO `kuenstler` VALUES ('122', 'Minogue, Kylie');
INSERT INTO `kuenstler` VALUES ('123', 'Pohlmann, Hannes');
INSERT INTO `kuenstler` VALUES ('124', 'Modern Talking');
INSERT INTO `kuenstler` VALUES ('125', 'Morisette, Alanis');
INSERT INTO `kuenstler` VALUES ('126', 'New Order');
INSERT INTO `kuenstler` VALUES ('127', 'Credence Clearwater Revival');
INSERT INTO `kuenstler` VALUES ('128', 'Pink');
INSERT INTO `kuenstler` VALUES ('129', 'Police, The');
INSERT INTO `kuenstler` VALUES ('130', 'Prince');
INSERT INTO `kuenstler` VALUES ('131', 'REM');
INSERT INTO `kuenstler` VALUES ('132', 'Run DMC');
INSERT INTO `kuenstler` VALUES ('133', 'Shakira');
INSERT INTO `kuenstler` VALUES ('134', 'Simon & Garfunkel');
INSERT INTO `kuenstler` VALUES ('135', 'Sonique');
INSERT INTO `kuenstler` VALUES ('136', 'Spears, Britney');
INSERT INTO `kuenstler` VALUES ('137', 'Stereo Mcs');
INSERT INTO `kuenstler` VALUES ('138', 'Travis');
INSERT INTO `kuenstler` VALUES ('139', 'Venga Boys');
INSERT INTO `kuenstler` VALUES ('140', 'Village People');
INSERT INTO `kuenstler` VALUES ('141', 'Williams, Robbie');
INSERT INTO `kuenstler` VALUES ('142', 'Animal Ant Farm');
INSERT INTO `kuenstler` VALUES ('143', 'Placebo');
INSERT INTO `kuenstler` VALUES ('144', 'Bauchklang');
INSERT INTO `kuenstler` VALUES ('145', 'Chroma Key');
INSERT INTO `kuenstler` VALUES ('146', 'Dream Theater');
INSERT INTO `kuenstler` VALUES ('147', 'Hubert von Goisern');
INSERT INTO `kuenstler` VALUES ('148', 'In Extremo');
INSERT INTO `kuenstler` VALUES ('149', 'Mae, Vanessa');
INSERT INTO `kuenstler` VALUES ('150', 'Rush');
INSERT INTO `kuenstler` VALUES ('151', 'Subway to Sally');
INSERT INTO `kuenstler` VALUES ('152', 'Symphony X');
INSERT INTO `kuenstler` VALUES ('153', 'Turntabelrockers');
INSERT INTO `kuenstler` VALUES ('154', 'Adams, Bryan');
INSERT INTO `kuenstler` VALUES ('155', 'Aerosmith');
INSERT INTO `kuenstler` VALUES ('156', 'Ärzte, Die');
INSERT INTO `kuenstler` VALUES ('157', 'Beach, Reb');
INSERT INTO `kuenstler` VALUES ('158', 'Beck, Jeff');
INSERT INTO `kuenstler` VALUES ('159', 'Bettencourt, Nuno');
INSERT INTO `kuenstler` VALUES ('160', 'Bloodhound Gang');
INSERT INTO `kuenstler` VALUES ('161', 'Bon Jovi');
INSERT INTO `kuenstler` VALUES ('162', 'Bon Jovi, Jon');
INSERT INTO `kuenstler` VALUES ('163', 'Cars, The');
INSERT INTO `kuenstler` VALUES ('164', 'Cave, Nick');
INSERT INTO `kuenstler` VALUES ('165', 'CCR');
INSERT INTO `kuenstler` VALUES ('166', 'Cheap Trick');
INSERT INTO `kuenstler` VALUES ('167', 'Cocker, Joe');
INSERT INTO `kuenstler` VALUES ('168', 'Cohen, Leonhard');
INSERT INTO `kuenstler` VALUES ('169', 'CPR');
INSERT INTO `kuenstler` VALUES ('170', 'Cream');
INSERT INTO `kuenstler` VALUES ('171', 'Creed');
INSERT INTO `kuenstler` VALUES ('172', 'Die toten Hosen');
INSERT INTO `kuenstler` VALUES ('173', 'Dire Straits');
INSERT INTO `kuenstler` VALUES ('174', 'Doors, The');
INSERT INTO `kuenstler` VALUES ('175', 'Eagles');
INSERT INTO `kuenstler` VALUES ('176', 'Extreme');
INSERT INTO `kuenstler` VALUES ('177', 'Faith No More');
INSERT INTO `kuenstler` VALUES ('178', 'Garbage');
INSERT INTO `kuenstler` VALUES ('179', 'Genesis');
INSERT INTO `kuenstler` VALUES ('180', 'Gilbert, Paul');
INSERT INTO `kuenstler` VALUES ('181', 'Gillis, Brad');
INSERT INTO `kuenstler` VALUES ('182', 'Hendrix, Jimi');
INSERT INTO `kuenstler` VALUES ('183', 'HIM');
INSERT INTO `kuenstler` VALUES ('184', 'Jagger, Mick');
INSERT INTO `kuenstler` VALUES ('185', 'Knopfler, Mark');
INSERT INTO `kuenstler` VALUES ('186', 'Kotzen, Richi');
INSERT INTO `kuenstler` VALUES ('187', 'Kravitz, Lenny');
INSERT INTO `kuenstler` VALUES ('188', 'Linking Park');
INSERT INTO `kuenstler` VALUES ('189', 'Live');
INSERT INTO `kuenstler` VALUES ('190', 'Lynch, George');
INSERT INTO `kuenstler` VALUES ('191', 'Lynchmob');
INSERT INTO `kuenstler` VALUES ('192', 'Manson, Marilyn');
INSERT INTO `kuenstler` VALUES ('193', 'May, Brian');
INSERT INTO `kuenstler` VALUES ('194', 'Mercury, Freddy');
INSERT INTO `kuenstler` VALUES ('195', 'Michael Schenker Group');
INSERT INTO `kuenstler` VALUES ('196', 'Mr.Big');
INSERT INTO `kuenstler` VALUES ('197', 'Nazareth');
INSERT INTO `kuenstler` VALUES ('198', 'Nickelback');
INSERT INTO `kuenstler` VALUES ('199', 'Nine Inch Nails');
INSERT INTO `kuenstler` VALUES ('200', 'Nirvana');
INSERT INTO `kuenstler` VALUES ('201', 'Offspring, The');
INSERT INTO `kuenstler` VALUES ('202', 'Oldfield, Mike');
INSERT INTO `kuenstler` VALUES ('203', 'Papa Roach');
INSERT INTO `kuenstler` VALUES ('204', 'Paradise Lost');
INSERT INTO `kuenstler` VALUES ('205', 'Patty, Tom');
INSERT INTO `kuenstler` VALUES ('206', 'Pink Floyd');
INSERT INTO `kuenstler` VALUES ('207', 'Pop, Iggy');
INSERT INTO `kuenstler` VALUES ('208', 'Queen');
INSERT INTO `kuenstler` VALUES ('209', 'Quite Riot');
INSERT INTO `kuenstler` VALUES ('210', 'Rabin, Trevor');
INSERT INTO `kuenstler` VALUES ('211', 'Racer X');
INSERT INTO `kuenstler` VALUES ('212', 'Rage against the machine');
INSERT INTO `kuenstler` VALUES ('213', 'Rammstein');
INSERT INTO `kuenstler` VALUES ('214', 'Ratt');
INSERT INTO `kuenstler` VALUES ('215', 'Red Hot Chili Peppers');
INSERT INTO `kuenstler` VALUES ('216', 'Rolling Stones');
INSERT INTO `kuenstler` VALUES ('217', 'Sambora, Richi');
INSERT INTO `kuenstler` VALUES ('218', 'Satriani, Joe');
INSERT INTO `kuenstler` VALUES ('219', 'Savatage');
INSERT INTO `kuenstler` VALUES ('220', 'Smashing Pumkins');
INSERT INTO `kuenstler` VALUES ('221', 'Soundgarden');
INSERT INTO `kuenstler` VALUES ('222', 'Springfield, Rick');
INSERT INTO `kuenstler` VALUES ('223', 'Springsteen, Bruce');
INSERT INTO `kuenstler` VALUES ('224', 'Status Quo');
INSERT INTO `kuenstler` VALUES ('225', 'Thin Lizzy');
INSERT INTO `kuenstler` VALUES ('226', 'Toto');
INSERT INTO `kuenstler` VALUES ('227', 'Trower, Robin');
INSERT INTO `kuenstler` VALUES ('228', 'U2');
INSERT INTO `kuenstler` VALUES ('229', 'Ufo');
INSERT INTO `kuenstler` VALUES ('230', 'Uriah Heep');
INSERT INTO `kuenstler` VALUES ('231', 'Vai, Steve');
INSERT INTO `kuenstler` VALUES ('232', 'Jürgens, Udo');
INSERT INTO `kuenstler` VALUES ('234', 'Petry, Wolfgang');
INSERT INTO `kuenstler` VALUES ('253', 'Alan Parsons Project');
INSERT INTO `kuenstler` VALUES ('254', 'Jarre, Jean Michel');
INSERT INTO `kuenstler` VALUES ('255', 'Vangelis');

-- ----------------------------
-- Table structure for `videos`
-- ----------------------------
DROP TABLE IF EXISTS `videos`;
CREATE TABLE `videos` (
  `v_id` smallint(6) NOT NULL DEFAULT '0',
  `titel` varchar(255) CHARACTER SET latin1 COLLATE latin1_german1_ci NOT NULL,
  `dateigroesse` int(11) NOT NULL DEFAULT '0',
  `qualitaet` tinyint(4) NOT NULL DEFAULT '0',
  `fk_a_id` smallint(6) NOT NULL DEFAULT '0',
  `anmerkung` varchar(255) CHARACTER SET latin1 COLLATE latin1_german1_ci NOT NULL,
  `benotung` tinyint(4) NOT NULL DEFAULT '0',
  `erscheinungsjahr` smallint(6) NOT NULL DEFAULT '0',
  `album` varchar(255) CHARACTER SET latin1 COLLATE latin1_german1_ci NOT NULL,
  `fk_k_id` smallint(6) NOT NULL DEFAULT '0',
  PRIMARY KEY (`v_id`),
  KEY `fk_a_id` (`fk_a_id`),
  KEY `fk_k_id` (`fk_k_id`),
  CONSTRAINT `videos_ibfk_13` FOREIGN KEY (`fk_a_id`) REFERENCES `kategorien` (`a_id`) ON DELETE CASCADE,
  CONSTRAINT `videos_ibfk_14` FOREIGN KEY (`fk_k_id`) REFERENCES `kuenstler` (`k_id`) ON DELETE CASCADE
) ENGINE=InnoDB DEFAULT CHARSET=latin1;

-- ----------------------------
-- Records of videos
-- ----------------------------
INSERT INTO `videos` VALUES ('1', 'Dream Theater - Erotomania (live).mpg', '96681', '4', '10', 'Live, sollte sich auf der DVD Metropolis 2000 befinden', '3', '2000', '', '0');
INSERT INTO `videos` VALUES ('2', 'John, elton - daniel (live).mpg', '49036', '2', '6', '', '4', '2000', 'One Night Only', '0');
INSERT INTO `videos` VALUES ('3', 'John, Elton - Crocodile Rock (live).mpg', '63968', '2', '6', 'Live at Madison Square Garden', '4', '2000', 'One Night Only', '0');
INSERT INTO `videos` VALUES ('4', 'John, Elton - Sacrifice (live).MPG', '50806', '2', '6', '', '4', '2000', 'One Night Only', '0');
INSERT INTO `videos` VALUES ('5', 'John, Elton - Candle In The Wind (live).mpg', '41068', '2', '6', '', '4', '2000', 'One Night Only', '0');
INSERT INTO `videos` VALUES ('6', 'John, Elton - Your Song (live).mpg', '52368', '2', '6', '', '4', '2000', 'One Night Only', '0');
INSERT INTO `videos` VALUES ('8', 'Aaliyah - Try Again_OK.asf', '14279', '0', '0', '', '0', '0', '', '0');
INSERT INTO `videos` VALUES ('9', 'aaliyah_feat._DMX - Come_Back_In_One_Piece_OK.mpg', '35643', '0', '0', '', '0', '0', '', '0');
INSERT INTO `videos` VALUES ('10', 'ABBA - Dancing Queen.mpg', '39261', '3', '6', 'Originalalbum: Arrival', '4', '1975', 'ABBA Gold', '94');
INSERT INTO `videos` VALUES ('11', 'ABBA - Eagle.mpeg', '39572', '4', '6', 'modische Satinblusen', '4', '1977', 'ABBA Gold', '94');
INSERT INTO `videos` VALUES ('12', 'ABBA - One Of Us.mpg', '39944', '4', '6', 'Frida mit Stirnband', '3', '1981', 'ABBA Gold', '94');
INSERT INTO `videos` VALUES ('13', 'ABBA - Take A Chance On Me.mpeg', '4102', '3', '6', 'Video von Erasure gecovert', '4', '1977', 'ABBA - The Album', '94');
INSERT INTO `videos` VALUES ('14', 'ABBA - The Winner Takes It All.mpg', '50731', '3', '6', 'Originalalbum: Super Trouper', '4', '1980', 'ABBA Gold', '94');
INSERT INTO `videos` VALUES ('15', 'ABBA - When I Kissed The Teacher.mpg', '32447', '4', '6', 'Nummern-T-Shirts, Originalalbum: Arrival', '4', '1975', 'ABBA Gold', '94');
INSERT INTO `videos` VALUES ('16', 'ABBA - Fernando.mpg', '43677', '4', '6', 'Originalalbum:  Arrival', '4', '1975', 'ABBA Gold', '94');
INSERT INTO `videos` VALUES ('18', 'ACDC - Jailbreak \'74 VCD(m).mpg', '43028', '0', '0', '', '0', '0', '', '0');
INSERT INTO `videos` VALUES ('19', 'ACDC - Let There Be Rock.mpg', '63452', '0', '0', '', '0', '0', '', '0');
INSERT INTO `videos` VALUES ('20', 'ACDC - Are you ready.mpg', '42911', '4', '3', 'Chris Slade on drums', '1', '1990', 'The Razor\'s Edge', '39');
INSERT INTO `videos` VALUES ('21', 'ACDC - Back in black.mpg', '41267', '4', '3', 'Brian Johnson first', '1', '1980', 'Back In Black', '39');
INSERT INTO `videos` VALUES ('22', 'ACDC - Dirty Deeds (Done Dirt Cheap) (live).mpg', '47963', '0', '0', '', '0', '0', '', '0');
INSERT INTO `videos` VALUES ('23', 'ACDC - Dog Eat Dog.mpg', '35104', '0', '0', '', '0', '0', '', '0');
INSERT INTO `videos` VALUES ('24', 'ACDC - Hell\'s Bells.mpg', '52511', '5', '3', 'interessant: Malcolms Haartracht', '1', '1980', 'Back In Black', '39');
INSERT INTO `videos` VALUES ('25', 'ACDC - Highway To Hell_OK.mpg', '41385', '0', '0', '', '0', '0', '', '0');
INSERT INTO `videos` VALUES ('26', 'ACDC - Money Talks.mpg', '39616', '4', '3', 'Chris Slade on drums', '2', '1990', 'The Razor\'s Edge', '39');
INSERT INTO `videos` VALUES ('27', 'ACDC - Safe in New York City.AVI', '22877', '0', '0', '', '0', '0', '', '0');
INSERT INTO `videos` VALUES ('28', 'ACDC - Satellite Blues_OK.avi', '17802', '0', '0', '', '0', '0', '', '0');
INSERT INTO `videos` VALUES ('29', 'ACDC - Sin City (live).mpg', '49264', '4', '3', 'Bon Scott on Vocals', '1', '1978', 'Powerage', '0');
INSERT INTO `videos` VALUES ('30', 'ACDC - Stiff Upper Lip_OK.mpg', '39489', '0', '0', '', '0', '0', '', '0');
INSERT INTO `videos` VALUES ('31', 'ACDC - Thunderstruck_OK.mpg', '48332', '0', '0', '', '0', '0', '', '0');
INSERT INTO `videos` VALUES ('32', 'ACDC - Who Made Who [NoLive]_OK.asf', '11352', '0', '0', '', '0', '0', '', '0');
INSERT INTO `videos` VALUES ('33', 'ACDC - You Shook Me All Night Long_OK.mpg', '3593', '0', '0', '', '0', '0', '', '0');
INSERT INTO `videos` VALUES ('34', 'ACDC - Stiff upper lip (live in npa france).mpg', '37688', '4', '3', '', '1', '2000', 'Stiff Upper Lip', '0');
INSERT INTO `videos` VALUES ('35', 'Adams, Brian - Rescue Me (x - Files)_OK.mpg', '14822', '0', '0', '', '0', '0', '', '0');
INSERT INTO `videos` VALUES ('36', 'Adams, Bryan - Everything I Do_OK.mpg', '42039', '0', '0', '', '0', '0', '', '0');
INSERT INTO `videos` VALUES ('37', 'Adams, Bryan - Summer Of \'69_OK.mpg', '34768', '0', '0', '', '0', '0', '', '0');
INSERT INTO `videos` VALUES ('38', 'Adams, Bryan & Mel C - When You\'re Gone_OK.asf', '12859', '0', '0', '', '0', '0', '', '0');
INSERT INTO `videos` VALUES ('39', 'Adams, Bryan & Stewart,  Rod & Sting - All For Love_OK.mpg', '57474', '0', '0', '', '0', '0', '', '0');
INSERT INTO `videos` VALUES ('40', 'Aerosmith - Crazy_OK.mpg', '6987', '0', '0', '', '0', '0', '', '0');
INSERT INTO `videos` VALUES ('41', 'Aerosmith - Cryin_OK.mpg', '57598', '0', '0', '', '0', '0', '', '0');
INSERT INTO `videos` VALUES ('42', 'Aerosmith - Girls Of Summer (videot).mpg', '41435', '0', '0', '', '0', '0', '', '0');
INSERT INTO `videos` VALUES ('43', 'Aerosmith - I Don\'t Want To Close My Eyes(mtv Version)_OK.mpg', '46955', '0', '0', '', '0', '0', '', '0');
INSERT INTO `videos` VALUES ('44', 'Aerosmith - Jaded_OK.mpeg', '76983', '0', '0', '', '0', '0', '', '0');
INSERT INTO `videos` VALUES ('45', 'Aerosmith - Janie\'s Got A Gun_OK.mpg', '65426', '0', '0', '', '0', '0', '', '0');
INSERT INTO `videos` VALUES ('46', 'Aerosmith - Love In An Elevator_NOK.mpg', '32368', '0', '0', '', '0', '0', '', '0');
INSERT INTO `videos` VALUES ('47', 'Aerosmith - Pink.mpg', '52354', '0', '0', '', '0', '0', '', '0');
INSERT INTO `videos` VALUES ('48', 'Aerosmith - Sweet Emotion_OK.mpg', '47249', '0', '0', '', '0', '0', '', '0');
INSERT INTO `videos` VALUES ('49', 'Afroman_ - _because_i_got_high_OK.mpg', '33356', '0', '0', '', '0', '0', '', '0');
INSERT INTO `videos` VALUES ('50', 'Aguilera Christina - Genie In A Bottle_OK.mpg', '36827', '0', '0', '', '0', '0', '', '0');
INSERT INTO `videos` VALUES ('51', 'Aguilera, Christina, Lil Kim, Mya Pink - Lady Marmalade_OK.mpg', '47002', '0', '0', '', '0', '0', '', '0');
INSERT INTO `videos` VALUES ('52', 'Alanis Morissette - Ironic (Live Woodstock \'99)).mpg', '3732', '0', '0', '', '0', '0', '', '0');
INSERT INTO `videos` VALUES ('53', 'alanis_morissette_-_hands_clean[fluffy_dogz].mpg', '45163', '0', '0', '', '0', '0', '', '0');
INSERT INTO `videos` VALUES ('54', 'Alcazar - Crying At The Discotheque_OK.mpg', '37082', '0', '0', '', '0', '0', '', '0');
INSERT INTO `videos` VALUES ('55', 'Aldo Nova - Monkey On Your Back (videot).mpg', '51142', '0', '0', '', '0', '0', '', '0');
INSERT INTO `videos` VALUES ('56', 'Alien Ant Farm - 08 - Smooth Criminal (Live at The Saint 02.mpeg', '41911', '0', '0', '', '0', '0', '', '0');
INSERT INTO `videos` VALUES ('57', 'Alien Ant Farm - Smooth Criminal_OK.mpg', '36438', '0', '0', '', '0', '0', '', '0');
INSERT INTO `videos` VALUES ('58', 'All Saints - Black Coffee_OK.asf', '20524', '0', '0', '', '0', '0', '', '0');
INSERT INTO `videos` VALUES ('59', 'Allan Holdsworth - Proto Cosmos.mpg', '44936', '0', '0', '', '0', '0', '', '0');
INSERT INTO `videos` VALUES ('60', 'Alphaville - Big In Japan_OK.mpg', '4227', '0', '0', '', '0', '0', '', '0');
INSERT INTO `videos` VALUES ('61', 'Alphaville - Forever Young_OK.mpeg', '36624', '0', '0', '', '0', '0', '', '0');
INSERT INTO `videos` VALUES ('62', 'Anastacia - Cowboys & Kisses_OK.mpg', '37544', '0', '0', '', '0', '0', '', '0');
INSERT INTO `videos` VALUES ('63', 'Anastacia - Im Outta Love_OK.asf', '15798', '0', '0', '', '0', '0', '', '0');
INSERT INTO `videos` VALUES ('64', 'Anastacia - Not That Kind_OK.mpeg', '35668', '0', '0', '', '0', '0', '', '0');
INSERT INTO `videos` VALUES ('65', 'Anastacia - One Day In Your Life MPEG Globalaballa.mpg', '34617', '0', '0', '', '0', '0', '', '0');
INSERT INTO `videos` VALUES ('66', 'anastacia - paid my dues (1).mpg', '32838', '0', '0', '', '0', '0', '', '0');
INSERT INTO `videos` VALUES ('67', 'Anime Music Video - Macross Plus - Blur - Song 2 (AOP).mpg', '21792', '0', '0', '', '0', '0', '', '0');
INSERT INTO `videos` VALUES ('68', 'Annie Lennox - Eurythmics - Love Is A Stranger.mpg', '33281', '0', '0', '', '0', '0', '', '0');
INSERT INTO `videos` VALUES ('69', 'Atc - Around The World_OK.asf', '13556', '0', '0', '', '0', '0', '', '0');
INSERT INTO `videos` VALUES ('70', 'ATeens - Dancing Queen.mpg', '46037', '0', '0', '', '0', '0', '', '0');
INSERT INTO `videos` VALUES ('71', 'A-Teens - Gimmie! Gimmie! Gimmie!_OK.asf', '11918', '0', '0', '', '0', '0', '', '0');
INSERT INTO `videos` VALUES ('72', 'A-Teens - Halfway Around The World_OK.mpeg', '37608', '0', '0', '', '0', '0', '', '0');
INSERT INTO `videos` VALUES ('73', 'A-Teens - Upside Down_OK.mpg', '34223', '0', '0', '', '0', '0', '', '0');
INSERT INTO `videos` VALUES ('74', 'Atomic Kitten - Eternal Flame_OK.mpg', '32645', '0', '0', '', '0', '0', '', '0');
INSERT INTO `videos` VALUES ('75', 'Atomic Kitten - I Want Your Love_OK.mpg', '36787', '0', '0', '', '0', '0', '', '0');
INSERT INTO `videos` VALUES ('76', 'Atomic Kitten - Right Now_OK.mpg', '39329', '0', '0', '', '0', '0', '', '0');
INSERT INTO `videos` VALUES ('77', 'Atomic Kitten - Turn Me On (Live).mpg', '28771', '0', '0', '', '0', '0', '', '0');
INSERT INTO `videos` VALUES ('79', 'atomic_kitten-whole_again-svcd-daywalk3r-uva.m2v.mpeg', '61992', '0', '0', '', '0', '0', '', '0');
INSERT INTO `videos` VALUES ('80', 'Backstreet Boys - Larger Than Life (extd video mix)_OK.mpg', '5492', '0', '0', '', '0', '0', '', '0');
INSERT INTO `videos` VALUES ('81', 'Bad Religion - Stranger Than Fiction_OK.asf', '8689', '0', '0', '', '0', '0', '', '0');
INSERT INTO `videos` VALUES ('82', 'Baha Men - Who Let The Dogs_OK.mpg', '36748', '0', '0', '', '0', '0', '', '0');
INSERT INTO `videos` VALUES ('83', 'Bangles - Manic Monday_OK.mpg', '32433', '0', '0', '', '0', '0', '', '0');
INSERT INTO `videos` VALUES ('84', 'Bangles - Walk Like An Egyptian_OK .mpg', '34247', '0', '0', '', '0', '0', '', '0');
INSERT INTO `videos` VALUES ('85', 'Beastie Boys - Body Movin_OK.mpg', '43604', '0', '0', '', '0', '0', '', '0');
INSERT INTO `videos` VALUES ('86', 'Beastie Boys - Fight For Your Right_OK.mpg', '40996', '0', '0', '', '0', '0', '', '0');
INSERT INTO `videos` VALUES ('87', 'beastie boys - intergalactic.mpg', '30594', '0', '0', '', '0', '0', '', '0');
INSERT INTO `videos` VALUES ('88', 'Beastie Boys - Intergalactic_OK.mpg', '30594', '0', '0', '', '0', '0', '', '0');
INSERT INTO `videos` VALUES ('89', 'Beastie Boys - Sabotage.mpg', '3169', '0', '0', '', '0', '0', '', '0');
INSERT INTO `videos` VALUES ('90', 'Beastie Boys - Sabotage_OK.mpg', '3169', '0', '0', '', '0', '0', '', '0');
INSERT INTO `videos` VALUES ('91', 'Beastie Boys (Body Movin\').mpg', '43604', '0', '0', '', '0', '0', '', '0');
INSERT INTO `videos` VALUES ('92', 'Beatles, The  - Another Girl_OK.mpg', '32282', '0', '0', '', '0', '0', '', '0');
INSERT INTO `videos` VALUES ('93', 'Beatles, The - All You Need is Love_NOK.mpg', '18904', '0', '0', '', '0', '0', '', '0');
INSERT INTO `videos` VALUES ('94', 'Beatles, The - Help!_OK.mpg', '14636', '0', '0', '', '0', '0', '', '0');
INSERT INTO `videos` VALUES ('95', 'Beatles, The - Hey Bulldog (\'99 Remix)_OK.mpg', '33914', '0', '0', '', '0', '0', '', '0');
INSERT INTO `videos` VALUES ('97', 'Beatles, The - Paperback Writer_OK.mpg', '21396', '0', '0', '', '0', '0', '', '0');
INSERT INTO `videos` VALUES ('98', 'Beatles, The - Real Love_OK.mpg', '39532', '0', '0', '', '0', '0', '', '0');
INSERT INTO `videos` VALUES ('99', 'Belinda Carlisle - Circle in the sand.mpg', '38587', '0', '0', '', '0', '0', '', '0');
INSERT INTO `videos` VALUES ('100', 'Belinda Carlisle - Heaven is a Place on Earth.mpg', '41163', '0', '0', '', '0', '0', '', '0');
INSERT INTO `videos` VALUES ('101', 'Belinda Carlisle - I get Weak.mpg', '43557', '0', '0', '', '0', '0', '', '0');
INSERT INTO `videos` VALUES ('102', 'Belinda Carlisle - Mad About You.mpg', '36293', '0', '0', '', '0', '0', '', '0');
INSERT INTO `videos` VALUES ('103', 'Bexter_Anne-Sophie_-_Murder_on_the_dancefloor.avi', '36006', '0', '0', '', '0', '0', '', '0');
INSERT INTO `videos` VALUES ('104', 'Billy Idol - Cradle of Love.mpeg', '55104', '0', '0', '', '0', '0', '', '0');
INSERT INTO `videos` VALUES ('105', 'Billy Idol - Dancing With Myself.mpg', '33277', '0', '0', '', '0', '0', '', '0');
INSERT INTO `videos` VALUES ('106', 'Billy Idol - Eyes Without A Face.mpg', '4866', '0', '0', '', '0', '0', '', '0');
INSERT INTO `videos` VALUES ('107', 'billy idol - flesh for fantasy.mpg', '42486', '0', '0', '', '0', '0', '', '0');
INSERT INTO `videos` VALUES ('108', 'Billy Idol - Rebel Yell.mpg', '48358', '0', '0', '', '0', '0', '', '0');
INSERT INTO `videos` VALUES ('109', 'Billy Idol - Sweet sixteen, unplugged.mpg', '52201', '0', '0', '', '0', '0', '', '0');
INSERT INTO `videos` VALUES ('110', 'Billy Idol - White Wedding (1).mpg', '27442', '0', '0', '', '0', '0', '', '0');
INSERT INTO `videos` VALUES ('111', 'Billy Idol - White Wedding_ok_NOK.mpg', '27442', '0', '0', '', '0', '0', '', '0');
INSERT INTO `videos` VALUES ('112', 'Joel, Billy - For The Longest Time.mov', '38022', '5', '6', 'Album  An Innocent Man', '3', '1983', '', '0');
INSERT INTO `videos` VALUES ('113', 'Joel, Billy  - Piano Man.mpg', '5831', '4', '6', 'Album Piano Man', '2', '1973', '', '0');
INSERT INTO `videos` VALUES ('114', 'Joel, Billy - Uptown Girl.mpg', '34929', '4', '6', 'später von Westlife mit Claudia Schifer gecovert', '2', '1983', '', '0');
INSERT INTO `videos` VALUES ('115', 'Joel, Billy - We Didn\'t Start The Fire.mpg', '46396', '4', '6', 'Album Storm Front', '5', '1989', '', '0');
INSERT INTO `videos` VALUES ('117', 'Billylive2mpg_OK.mpg', '19658', '0', '0', '', '0', '0', '', '0');
INSERT INTO `videos` VALUES ('118', 'Black Sabbath - Blue Suede Shoes(1969) + Fairies Wear Boots (1970)_OK.mpg', '4378', '0', '0', '', '0', '0', '', '0');
INSERT INTO `videos` VALUES ('119', 'Black Sabbath - I Dont Know_OK.mpeg', '22082', '0', '0', '', '0', '0', '', '0');
INSERT INTO `videos` VALUES ('120', 'Black Sabbath - Iron Man_OK.mpeg', '59657', '0', '0', '', '0', '0', '', '0');
INSERT INTO `videos` VALUES ('121', 'Black Sabbath - Nib (paris 1970)_OK.mpg', '29292', '0', '0', '', '0', '0', '', '0');
INSERT INTO `videos` VALUES ('122', 'Black Sabbath - Paranoid_OK.mpeg', '29598', '0', '0', '', '0', '0', '', '0');
INSERT INTO `videos` VALUES ('123', 'Black Sabbath - Snowblind_NOK.mpg', '36992', '0', '0', '', '0', '0', '', '0');
INSERT INTO `videos` VALUES ('124', 'Black Sabbath - Tv Funhouse Cartoon_OK.mpg', '7718', '0', '0', '', '0', '0', '', '0');
INSERT INTO `videos` VALUES ('125', 'Black Sabbath - Warpigs (last Supper)_OK.avi', '85441', '0', '0', '', '0', '0', '', '0');
INSERT INTO `videos` VALUES ('127', 'Blink 182 - Adams Song_OK.mpg', '42915', '0', '0', '', '0', '0', '', '0');
INSERT INTO `videos` VALUES ('128', 'Bloodhound Gang - Ballad Of Chasey Lain (uncensored)_OK.mpg', '41267', '0', '0', '', '0', '0', '', '0');
INSERT INTO `videos` VALUES ('129', 'Bloodhound Gang -- Fire Water Burn_OK.mpg', '48718', '0', '0', '', '0', '0', '', '0');
INSERT INTO `videos` VALUES ('130', 'Bloodhound Gang - The Bad Touch_OK.mpg', '40663', '0', '0', '', '0', '0', '', '0');
INSERT INTO `videos` VALUES ('131', 'BloodhoundGang-AlongComesMary_OK.mpg', '4357', '0', '0', '', '0', '0', '', '0');
INSERT INTO `videos` VALUES ('132', 'Blur - Coffee And TV.mpg', '62097', '0', '0', '', '0', '0', '', '0');
INSERT INTO `videos` VALUES ('133', 'Blur - Song 2.mpg', '13536', '0', '0', '', '0', '0', '', '0');
INSERT INTO `videos` VALUES ('134', 'Bomfunk MC\'s - Freestyler_OK.asf', '18663', '0', '0', '', '0', '0', '', '0');
INSERT INTO `videos` VALUES ('135', 'Bon Jovi -  Wanted Dead Or Alive (PopUp)_OK.mpg', '39179', '0', '0', '', '0', '0', '', '0');
INSERT INTO `videos` VALUES ('136', 'Bon Jovi - A Tribute To Heroes (1).mpg', '48364', '0', '0', '', '0', '0', '', '0');
INSERT INTO `videos` VALUES ('137', 'Bon Jovi - Always_OK.mpeg', '61445', '0', '0', '', '0', '0', '', '0');
INSERT INTO `videos` VALUES ('138', 'Bon Jovi - Bad Medicine_OK.mpeg', '45825', '0', '0', '', '0', '0', '', '0');
INSERT INTO `videos` VALUES ('139', 'Bon Jovi - Bed of Roses_OK.mpg', '58718', '0', '0', '', '0', '0', '', '0');
INSERT INTO `videos` VALUES ('140', 'Bon Jovi - Blaze Of Glory_OK.mpeg', '56742', '0', '0', '', '0', '0', '', '0');
INSERT INTO `videos` VALUES ('141', 'Bon Jovi - Born To Be My Baby_OK.mpg', '53445', '0', '0', '', '0', '0', '', '0');
INSERT INTO `videos` VALUES ('142', 'Bon Jovi - I\'ll Be There For You.mpg', '41107', '0', '0', '', '0', '0', '', '0');
INSERT INTO `videos` VALUES ('143', 'Bon Jovi - I\'ll Be There For You_NOK.mpg', '41107', '0', '0', '', '0', '0', '', '0');
INSERT INTO `videos` VALUES ('144', 'Bon Jovi - Keep The Faith_OK.mpg', '57239', '0', '0', '', '0', '0', '', '0');
INSERT INTO `videos` VALUES ('145', 'Bon Jovi - Never Say Goodbye.mpg', '60838', '0', '0', '', '0', '0', '', '0');
INSERT INTO `videos` VALUES ('146', 'Bon Jovi - One Wild Night_OK.mpg', '3529', '0', '0', '', '0', '0', '', '0');
INSERT INTO `videos` VALUES ('147', 'Bon Jovi - Runaway_OK.mpg', '44304', '0', '0', '', '0', '0', '', '0');
INSERT INTO `videos` VALUES ('148', 'Bon Jovi - Say It Isn\'t So_OK.asf', '17192', '0', '0', '', '0', '0', '', '0');
INSERT INTO `videos` VALUES ('149', 'Bon Jovi - Silent Night.MPG', '46095', '0', '0', '', '0', '0', '', '0');
INSERT INTO `videos` VALUES ('150', 'Bon Jovi - Thank You For Loving Me(Live).mpg', '40332', '0', '0', '', '0', '0', '', '0');
INSERT INTO `videos` VALUES ('151', 'Bon Jovi - Thank You For Loving_NOK.avi', '20696', '0', '0', '', '0', '0', '', '0');
INSERT INTO `videos` VALUES ('152', 'Bon Jovi-Living On A Prayer_OK.mpeg', '42377', '0', '0', '', '0', '0', '', '0');
INSERT INTO `videos` VALUES ('153', 'Bon_Jovi - Its my life_OK.mpg', '44966', '0', '0', '', '0', '0', '', '0');
INSERT INTO `videos` VALUES ('154', 'Bon_Jovi-Everyday-Live-CDUK-21st_Sept_2002-svcd-RichieH-vme.m2v', '65326', '0', '0', '', '0', '0', '', '0');
INSERT INTO `videos` VALUES ('156', 'BonJovi_YouGiveLoveABadName_NOK.mpeg', '39442', '0', '0', '', '0', '0', '', '0');
INSERT INTO `videos` VALUES ('157', 'Bowie_david_ - _as_the_world_falls_down_(labyrinth)_OK.mpg', '61959', '0', '0', '', '0', '0', '', '0');
INSERT INTO `videos` VALUES ('158', 'Bruce Springsteen - Born In The USA (Mach3-HQ).m2p', '92347', '0', '0', '', '0', '0', '', '0');
INSERT INTO `videos` VALUES ('159', 'Bryan_Adams_-_Cuts_like_a_knife.mpg', '34536', '0', '0', '', '0', '0', '', '0');
INSERT INTO `videos` VALUES ('160', 'Bryan_Adams_Run_To_You.mpeg', '36556', '0', '0', '', '0', '0', '', '0');
INSERT INTO `videos` VALUES ('161', 'Bubba Sparkxxx feat Timbaland & Missy Elliot - Ugly.mpg', '41236', '0', '0', '', '0', '0', '', '0');
INSERT INTO `videos` VALUES ('162', 'Buggles - Video Killed The Radio Star_OK.mpg', '34122', '0', '0', '', '0', '0', '', '0');
INSERT INTO `videos` VALUES ('163', 'Bunton, Emma - What Took You So Long_OK.avi', '40942', '0', '0', '', '0', '0', '', '0');
INSERT INTO `videos` VALUES ('164', 'Cardigans - My Favourite Game_OK.mpg', '44875', '0', '0', '', '0', '0', '', '0');
INSERT INTO `videos` VALUES ('165', 'Cardigans, The  - Erase and rewind_OK.mpg', '52634', '0', '0', '', '0', '0', '', '0');
INSERT INTO `videos` VALUES ('166', 'Cardigans, The - My favorite game_OK.mpg', '61293', '0', '0', '', '0', '0', '', '0');
INSERT INTO `videos` VALUES ('167', 'Carole King - I Feel The Earth Move (videot).mpg', '353', '0', '0', '', '0', '0', '', '0');
INSERT INTO `videos` VALUES ('168', 'Cher - If I Could Turn Back Time.mpg', '41166', '0', '0', '', '0', '0', '', '0');
INSERT INTO `videos` VALUES ('169', 'Cher - Strong Enough.mpg', '36738', '0', '0', '', '0', '0', '', '0');
INSERT INTO `videos` VALUES ('170', 'Cher (feat Beavis and Butthead) I Got You Babe.mpg', '45594', '0', '0', '', '0', '0', '', '0');
INSERT INTO `videos` VALUES ('171', 'CIT.mov', '8935', '0', '0', '', '0', '0', '', '0');
INSERT INTO `videos` VALUES ('172', 'Clapton Eric & King, BB. - Riding With The King_OK.mpg', '59734', '0', '0', '', '0', '0', '', '0');
INSERT INTO `videos` VALUES ('173', 'Clapton, Eric -  Blue Eyes Blue_OK.mpg', '48019', '0', '0', '', '0', '0', '', '0');
INSERT INTO `videos` VALUES ('174', 'Clapton, Eric - Change The World_OK.mpeg', '44784', '0', '0', '', '0', '0', '', '0');
INSERT INTO `videos` VALUES ('175', 'Clapton, Eric - Cocaine - (live)_OK.mpg', '57142', '0', '0', '', '0', '0', '', '0');
INSERT INTO `videos` VALUES ('176', 'Clapton, Eric - Layla-unplugged_OK.mpg', '58524', '0', '0', '', '0', '0', '', '0');
INSERT INTO `videos` VALUES ('177', 'Clapton, Eric - Tears In Heaven_OK.mpg', '37552', '0', '0', '', '0', '0', '', '0');
INSERT INTO `videos` VALUES ('178', 'Clapton, Eric - White Room(Albert Hall)_OK.mpg', '61118', '0', '0', '', '0', '0', '', '0');
INSERT INTO `videos` VALUES ('179', 'Clapton, Eric - Wonderful Tonight (live)_OK.mpeg', '43039', '0', '0', '', '0', '0', '', '0');
INSERT INTO `videos` VALUES ('180', 'Clapton, Eric - Wonderful Tonight_OK.mpg', '68029', '0', '0', '', '0', '0', '', '0');
INSERT INTO `videos` VALUES ('181', 'Clapton, Eric &  Dylan, Bob - Crossroads Live_OK.mpg', '486', '0', '0', '', '0', '0', '', '0');
INSERT INTO `videos` VALUES ('182', 'Collins, Phil - You\'ll be in my heart_OK.mpg', '42288', '0', '0', '', '0', '0', '', '0');
INSERT INTO `videos` VALUES ('184', 'Cooper, Alice - Poison_OK.mpg', '43677', '0', '0', '', '0', '0', '', '0');
INSERT INTO `videos` VALUES ('185', 'Corrs, The  - Breathless_OK.mpg', '40298', '0', '0', '', '0', '0', '', '0');
INSERT INTO `videos` VALUES ('186', 'Corrs, The  - Dreams (Jools Holland Show, New Years 99)_OK.mpg', '48734', '0', '0', '', '0', '0', '', '0');
INSERT INTO `videos` VALUES ('188', 'Corrs, The  - New song.mpg', '356', '0', '0', '', '0', '0', '', '0');
INSERT INTO `videos` VALUES ('189', 'Corrs, The - Radio_OK.asf', '16564', '0', '0', '', '0', '0', '', '0');
INSERT INTO `videos` VALUES ('190', 'Corrs, The - The right time radio edit - dance mix_OK.mpg', '36242', '0', '0', '', '0', '0', '', '0');
INSERT INTO `videos` VALUES ('191', 'Cranberries - Animal Instinct_OK.mpg', '38133', '0', '0', '', '0', '0', '', '0');
INSERT INTO `videos` VALUES ('192', 'Cranberries - Dreams.avi', '16476', '0', '0', '', '0', '0', '', '0');
INSERT INTO `videos` VALUES ('193', 'Cranberries - Linger_OK.mpeg', '46711', '0', '0', '', '0', '0', '', '0');
INSERT INTO `videos` VALUES ('194', 'Cranberries - Promises (live)_OK.mpg', '36884', '0', '0', '', '0', '0', '', '0');
INSERT INTO `videos` VALUES ('195', 'Cranberries - Promises_OK.mpg', '35254', '0', '0', '', '0', '0', '', '0');
INSERT INTO `videos` VALUES ('196', 'Crazy Babies_Ozzman_NOK.avi', '2184', '0', '0', '', '0', '0', '', '0');
INSERT INTO `videos` VALUES ('197', 'Crazy Town - Butterfly_OK.mpg', '51607', '0', '0', '', '0', '0', '', '0');
INSERT INTO `videos` VALUES ('198', 'Crazy-Town_Revolving_Door_OK.avi', '34004', '0', '0', '', '0', '0', '', '0');
INSERT INTO `videos` VALUES ('199', 'Creed - Higher_OK.mpg', '51788', '0', '0', '', '0', '0', '', '0');
INSERT INTO `videos` VALUES ('200', 'Creedence Clearwater Revival - Fortunate Son [Live 1969].mpg', '18722', '0', '0', '', '0', '0', '', '0');
INSERT INTO `videos` VALUES ('201', 'Crow, Sheryl And Dixie Chicks - Strong Enough (live At Centra)_OK.mpg', '37234', '0', '0', '', '0', '0', '', '0');
INSERT INTO `videos` VALUES ('202', 'Crow_Sheryl_-_Soak_up_the_sun.avi', '3707', '0', '0', '', '0', '0', '', '0');
INSERT INTO `videos` VALUES ('203', 'D´ Agostino, Gigi - Bla Bla Bla_OK.mpg', '32975', '0', '0', '', '0', '0', '', '0');
INSERT INTO `videos` VALUES ('204', 'Daft Punk - One More Time (videot).m2v', '8572', '0', '0', '', '0', '0', '', '0');
INSERT INTO `videos` VALUES ('205', 'Dante Thomas - Miss California_OK.mpg', '33134', '0', '0', '', '0', '0', '', '0');
INSERT INTO `videos` VALUES ('206', 'Darude - Sandstorm_OK.mpg', '5731', '0', '0', '', '0', '0', '', '0');
INSERT INTO `videos` VALUES ('207', 'David Bowie -  Ashes To Ashes.mpg', '36612', '0', '0', '', '0', '0', '', '0');
INSERT INTO `videos` VALUES ('208', 'David Bowie - Fame.mpg', '38136', '0', '0', '', '0', '0', '', '0');
INSERT INTO `videos` VALUES ('209', 'David Bowie - Let\'s Dance.wmv.avi', '21101', '0', '0', '', '0', '0', '', '0');
INSERT INTO `videos` VALUES ('210', 'David Bowie - Space Oddity.mpg', '51751', '0', '0', '', '0', '0', '', '0');
INSERT INTO `videos` VALUES ('211', 'David Bowie & Bing Crosby - Little Drummer Boy (videot).mpg', '44572', '0', '0', '', '0', '0', '', '0');
INSERT INTO `videos` VALUES ('213', 'David_Bowie___China_Girl.mpg', '41289', '0', '0', '', '0', '0', '', '0');
INSERT INTO `videos` VALUES ('214', 'Deep Purple -  Anyone\'s Daughter -  Rehearsal_OK.mov', '6179', '0', '0', '', '0', '0', '', '0');
INSERT INTO `videos` VALUES ('215', 'Deep Purple - Black Night_OK.mpg', '28302', '0', '0', '', '0', '0', '', '0');
INSERT INTO `videos` VALUES ('216', 'Deep Purple - Burn (live, California Jam 6_OK.4.1974) .avi', '1446', '5', '0', 'Qualität schlecht', '0', '0', '', '0');
INSERT INTO `videos` VALUES ('218', 'Deep Purple - Knockin\' At Your Back Door_OK.mpg', '64434', '0', '0', '', '0', '0', '', '0');
INSERT INTO `videos` VALUES ('219', 'Deep Purple - Nobody\'s Home_OK.mpg', '45306', '0', '0', '', '0', '0', '', '0');
INSERT INTO `videos` VALUES ('220', 'Deep Purple Hush_OK.mpg', '34104', '0', '0', '', '0', '0', '', '0');
INSERT INTO `videos` VALUES ('221', 'Deep Purple With Symphony -smoke On  The  Water_OK.mpg', '108594', '2', '0', 'Sänger im Hemd,  Steve Morse on guitar', '0', '0', '', '0');
INSERT INTO `videos` VALUES ('223', 'Deep Purple(ritchie B_OK.rare Footage).mov', '7675', '0', '0', '', '0', '0', '', '0');
INSERT INTO `videos` VALUES ('224', 'Def Leppard - Animal.mpeg', '40064', '0', '0', '', '0', '0', '', '0');
INSERT INTO `videos` VALUES ('225', 'Def Leppard - Foolin\'.mpg', '60442', '0', '0', '', '0', '0', '', '0');
INSERT INTO `videos` VALUES ('226', 'Def Leppard - Have You Ever Needed Someone So Bad [DraCo].mpg', '46541', '0', '0', '', '0', '0', '', '0');
INSERT INTO `videos` VALUES ('227', 'Def Leppard - Hysteria.mpg', '43968', '0', '0', '', '0', '0', '', '0');
INSERT INTO `videos` VALUES ('228', 'Def Leppard - I Wanna Touch U.mpg', '39615', '0', '0', '', '0', '0', '', '0');
INSERT INTO `videos` VALUES ('229', 'Def Leppard - Photograph (videot).mpg', '41594', '0', '0', '', '0', '0', '', '0');
INSERT INTO `videos` VALUES ('230', 'def leppard - pour some sugar on me.mpg', '65061', '0', '0', '', '0', '0', '', '0');
INSERT INTO `videos` VALUES ('231', 'Def Leppard - Rock Of Ages.mpg', '44567', '0', '0', '', '0', '0', '', '0');
INSERT INTO `videos` VALUES ('233', 'Def Leppard - Tonight.mpg', '41657', '0', '0', '', '0', '0', '', '0');
INSERT INTO `videos` VALUES ('234', 'Def Leppard - Two Steps Behind [DraCo].mpg', '43699', '0', '0', '', '0', '0', '', '0');
INSERT INTO `videos` VALUES ('235', 'Def Leppard- Love bites .mpg', '427', '0', '0', '', '0', '0', '', '0');
INSERT INTO `videos` VALUES ('236', 'Def_Leppard_-_Pour_Some_Sugar_On_Me.mpg', '4998', '0', '0', '', '0', '0', '', '0');
INSERT INTO `videos` VALUES ('237', 'Depeche Mode - Enjoy The Silence_OK.mpg', '30204', '0', '0', '', '0', '0', '', '0');
INSERT INTO `videos` VALUES ('238', 'Depeche Mode - Freelove_OK.mpg', '24749', '0', '0', '', '0', '0', '', '0');
INSERT INTO `videos` VALUES ('239', 'Depeche Mode - Never Let Me Down Again_OK.mpg', '37933', '0', '0', '', '0', '0', '', '0');
INSERT INTO `videos` VALUES ('240', 'Depeche Mode - Personal Jesus_live_OK.mpg', '64486', '0', '0', '', '0', '0', '', '0');
INSERT INTO `videos` VALUES ('241', 'Depeche-Mode_I_feel_loved_OK.avi', '34282', '0', '0', '', '0', '0', '', '0');
INSERT INTO `videos` VALUES ('242', 'Destiny\'s Child  - Independent Women Part 1_OK.mpg', '36646', '0', '0', '', '0', '0', '', '0');
INSERT INTO `videos` VALUES ('243', 'Dexy\'s Midnight Runners - Come On Eileen.mpg', '38725', '0', '0', '', '0', '0', '', '0');
INSERT INTO `videos` VALUES ('244', 'Dido_-_Here_With_Me_NOK.mpg', '42557', '0', '0', '', '0', '0', '', '0');
INSERT INTO `videos` VALUES ('245', 'Die Toten Hosen-Zehn Kleine Jägermeister.avi', '3621', '0', '0', '', '0', '0', '', '0');
INSERT INTO `videos` VALUES ('246', 'Dire Straits -  Money For Nothing_OK.mpg', '48549', '3', '0', '80-ties Style', '0', '0', '', '0');
INSERT INTO `videos` VALUES ('247', 'Dire Straits - Brothers In Arms  Live.mpg', '83664', '4', '23', 'Knopfler mit Sprechgesang und Stirnband', '1', '1985', 'Brothers In Arms', '173');
INSERT INTO `videos` VALUES ('248', 'Dire Straits - Love Over Gold.mpg', '41589', '0', '0', '', '0', '0', '', '0');
INSERT INTO `videos` VALUES ('249', 'Dire straits - So far away_OK.mpg', '43756', '0', '0', '', '0', '0', '', '0');
INSERT INTO `videos` VALUES ('250', 'Dire Straits - Sultans Live Old grey whistle test 1978.mpg', '49466', '0', '0', '', '0', '0', '', '0');
INSERT INTO `videos` VALUES ('251', 'Dire Straits - Tunnel of Love.mpg', '81144', '0', '0', '', '0', '0', '', '0');
INSERT INTO `videos` VALUES ('252', 'Dire Straits - Walk of Life _OK.mpg', '4124', '0', '0', '', '0', '0', '', '0');
INSERT INTO `videos` VALUES ('253', 'Dire Straits Sultans Live Old grey whistle test 1978.mpg', '46488', '0', '0', '', '0', '0', '', '0');
INSERT INTO `videos` VALUES ('254', 'DJs@Work_-_Time2Wonder_OK.avi', '37472', '0', '0', '', '0', '0', '', '0');
INSERT INTO `videos` VALUES ('256', 'Dream Theater - A Change Of Seasons (live)_OK.mpg', '260384', '0', '0', '', '0', '0', '', '0');
INSERT INTO `videos` VALUES ('257', 'Dream Theater - Take The Time_NOK.mpg', '40419', '0', '0', '', '0', '0', '', '0');
INSERT INTO `videos` VALUES ('258', 'Dream Theater - Video - John Petrucci - Testing a New guitar.mpg', '1818', '0', '0', '', '0', '0', '', '0');
INSERT INTO `videos` VALUES ('259', 'Dream Theater - Video - Voices.mpg', '131636', '0', '0', '', '0', '0', '', '0');
INSERT INTO `videos` VALUES ('260', 'Dream Theater, John Petrucci Goes Wild - Erotomania_OK.avi', '12858', '0', '0', '', '0', '0', '', '0');
INSERT INTO `videos` VALUES ('261', 'Duran Duran - A View To A Kill (videot).mpg', '44812', '0', '0', '', '0', '0', '', '0');
INSERT INTO `videos` VALUES ('262', 'Duran Duran - Girls On Film (uncensored)_OK.mpg', '64727', '0', '0', '', '0', '0', '', '0');
INSERT INTO `videos` VALUES ('263', 'E Nomine - Vater Unser_OK.ASF', '13434', '0', '0', '', '0', '0', '', '0');
INSERT INTO `videos` VALUES ('264', 'Eagles - (11)New York Minute(Live).mpg', '71281', '0', '0', '', '0', '0', '', '0');
INSERT INTO `videos` VALUES ('265', 'Eagles - Hotel California (live).mpg', '75142', '0', '0', '', '0', '0', '', '0');
INSERT INTO `videos` VALUES ('268', 'Eagles_(04)The Heart Of The Matter(Live).mpg', '63313', '0', '0', '', '0', '0', '', '0');
INSERT INTO `videos` VALUES ('269', 'Elton John - Candle In The Wind 97.mpg', '2872', '0', '0', '', '0', '0', '', '0');
INSERT INTO `videos` VALUES ('270', 'Elton John - Your Song (1970).mpg', '38274', '0', '0', '', '0', '0', '', '0');
INSERT INTO `videos` VALUES ('271', 'Elton John & George Michael - Don\'t Let The Sun Go Down On Me.mpg', '5943', '0', '0', '', '0', '0', '', '0');
INSERT INTO `videos` VALUES ('272', 'Elton John-Sacrifice.mpg', '39244', '0', '0', '', '0', '0', '', '0');
INSERT INTO `videos` VALUES ('273', 'Elvis_Presley - Blue Suede Shoes_OK.mpg', '26264', '0', '0', '', '0', '0', '', '0');
INSERT INTO `videos` VALUES ('274', 'Elvis_Presley_-_Suspicious_Minds_NOK.mpg', '8907', '0', '0', '', '0', '0', '', '0');
INSERT INTO `videos` VALUES ('275', 'emil_bulls_-_take_on_me_(new_version)-cycovision-ucv.mpg', '3792', '0', '0', '', '0', '0', '', '0');
INSERT INTO `videos` VALUES ('276', 'Eminem - Stan_OK.mpg', '83228', '0', '0', '', '0', '0', '', '0');
INSERT INTO `videos` VALUES ('277', 'Enrique Iglesias & Anna Kournikova - Escape (1).mpg', '4973', '0', '0', '', '0', '0', '', '0');
INSERT INTO `videos` VALUES ('278', 'Enya - May It Be.mov', '14431', '0', '0', '', '0', '0', '', '0');
INSERT INTO `videos` VALUES ('279', 'Enya - May It Be[Lord Of The Rings][Inv].mpg', '35741', '0', '0', '', '0', '0', '', '0');
INSERT INTO `videos` VALUES ('280', 'Enya - Only Time.mpg', '31742', '0', '0', '', '0', '0', '', '0');
INSERT INTO `videos` VALUES ('281', 'Eric Johnson-Joe Satriani-Steve Avi--My Guitar Want to Kill Your Mama.mpeg', '49692', '0', '0', '', '0', '0', '', '0');
INSERT INTO `videos` VALUES ('282', 'Eros Ramazotti - Fuco Nel Fuoco .MPG', '53339', '0', '0', '', '0', '0', '', '0');
INSERT INTO `videos` VALUES ('283', 'Eurythmics - Missionary Man.mpg', '44154', '0', '0', '', '0', '0', '', '0');
INSERT INTO `videos` VALUES ('284', 'Eurythmics - Sweet Dreams.mpg', '33417', '3', '0', '', '0', '0', '', '0');
INSERT INTO `videos` VALUES ('285', 'Eurythmics - There Must Be An Angel (Playing With My Heart).mpg', '47917', '0', '0', '', '0', '0', '', '0');
INSERT INTO `videos` VALUES ('286', 'Extreme - More Than Words_OK.mpg', '458', '0', '0', '', '0', '0', '', '0');
INSERT INTO `videos` VALUES ('287', 'Faith No More - Ashes to Ashes-V1p0n3-nV.mpg', '34132', '0', '0', '', '0', '0', '', '0');
INSERT INTO `videos` VALUES ('288', 'Faith No More - Digging the Grave.mpg', '31254', '0', '0', '', '0', '0', '', '0');
INSERT INTO `videos` VALUES ('289', 'Faith No More - Easy.mpg', '31385', '0', '0', '', '0', '0', '', '0');
INSERT INTO `videos` VALUES ('290', 'Faith No More - Epic_OK.mpg', '44626', '0', '0', '', '0', '0', '', '0');
INSERT INTO `videos` VALUES ('291', 'Faith No More - From out of Nowhere (live)-V1p0n3-nV.mpg', '34848', '0', '0', '', '0', '0', '', '0');
INSERT INTO `videos` VALUES ('292', 'Faith No More - Midlife Crisis.mpg', '3948', '0', '0', '', '0', '0', '', '0');
INSERT INTO `videos` VALUES ('293', 'Faith No More - Stripsearch.avi', '3524', '0', '0', '', '0', '0', '', '0');
INSERT INTO `videos` VALUES ('294', 'Faith_No_More_-_I_Started_A_Joke-Diabloator-MSZ.mpeg', '33102', '0', '0', '', '0', '0', '', '0');
INSERT INTO `videos` VALUES ('295', 'Falco - Mutter, Der Mann Mit Dem Koks Ist Da.mpg', '38142', '0', '0', '', '0', '0', '', '0');
INSERT INTO `videos` VALUES ('296', 'Falco - Out of the Dark.mpg', '29663', '0', '0', '', '0', '0', '', '0');
INSERT INTO `videos` VALUES ('297', 'Fatboy Slim - Weapon Of Choice_OK.mpg', '39669', '0', '0', '', '0', '0', '', '0');
INSERT INTO `videos` VALUES ('298', 'Fettes Brot - Schwule Mädchen.avi', '33712', '0', '0', '', '0', '0', '', '0');
INSERT INTO `videos` VALUES ('299', 'FF9-LinkinPark-ByAtomX.mpeg', '4732', '0', '0', '', '0', '0', '', '0');
INSERT INTO `videos` VALUES ('300', 'Fiona Apple - Fast As You Can_OK.mpg', '40824', '0', '0', '', '0', '0', '', '0');
INSERT INTO `videos` VALUES ('301', 'Fleetwood Mac - Tusk (videot).mpg', '31599', '0', '0', '', '0', '0', '', '0');
INSERT INTO `videos` VALUES ('302', 'Foo Fighters - Learn To Fly.mov', '58705', '0', '0', '', '0', '0', '', '0');
INSERT INTO `videos` VALUES ('303', 'Ford, Lita & Osbourne, Ozzy - Close My Eyes Forever_OK.mpg', '60528', '0', '0', '', '0', '0', '', '0');
INSERT INTO `videos` VALUES ('304', 'Fragma - Toca\'s Miracle_OK.mpeg', '35106', '0', '0', '', '0', '0', '', '0');
INSERT INTO `videos` VALUES ('305', 'Fragma - You Are Alive_OK.mpg', '37445', '0', '0', '', '0', '0', '', '0');
INSERT INTO `videos` VALUES ('306', 'Fragma Feat Maria Rubia - Everytime You Need Me_OK.mpg', '35055', '0', '0', '', '0', '0', '', '0');
INSERT INTO `videos` VALUES ('307', 'Freddie Mercury - Made in Heaven.mpg', '72079', '0', '0', '', '0', '0', '', '0');
INSERT INTO `videos` VALUES ('308', 'Freddie Mercury tribute - Queen & George Michael - Somebody to love.mpg', '517', '0', '0', '', '0', '0', '', '0');
INSERT INTO `videos` VALUES ('309', 'French Affair   My Heart Goes Boom Boom_OK.mpe', '38702', '0', '0', '', '0', '0', '', '0');
INSERT INTO `videos` VALUES ('310', 'French Affair - Sexy_OK.mpeg', '38516', '0', '0', '', '0', '0', '', '0');
INSERT INTO `videos` VALUES ('311', 'Furtado_nellyturn_off_the_light__shanx - Mv_OK.mpg', '37284', '0', '0', '', '0', '0', '', '0');
INSERT INTO `videos` VALUES ('312', 'G3 - John Petrucci - Damage Control.mpg', '1348', '0', '0', '', '0', '0', '', '0');
INSERT INTO `videos` VALUES ('313', 'Galleon - So I Begin.mpg', '24524', '0', '0', '', '0', '0', '', '0');
INSERT INTO `videos` VALUES ('314', 'Garbage - I Think I\'m Paranoid_OK.mpg', '37268', '0', '0', '', '0', '0', '', '0');
INSERT INTO `videos` VALUES ('315', 'Garbage - Milk_OK.mpg', '39214', '0', '0', '', '0', '0', '', '0');
INSERT INTO `videos` VALUES ('316', 'Garbage - Only Happy When It Rains_OK.mpg', '56054', '0', '0', '', '0', '0', '', '0');
INSERT INTO `videos` VALUES ('317', 'Garbage - Push It (kite Battle Angel Anime)_NOK.mpg', '4652', '0', '0', '', '0', '0', '', '0');
INSERT INTO `videos` VALUES ('318', 'Garbage - Push It_OK.mpg', '4378', '0', '0', '', '0', '0', '', '0');
INSERT INTO `videos` VALUES ('319', 'Garbage - Queer (live)_OK.mpg', '62437', '0', '0', '', '0', '0', '', '0');
INSERT INTO `videos` VALUES ('320', 'Garbage - Special (snl Live)_OK.mpg', '32708', '0', '0', '', '0', '0', '', '0');
INSERT INTO `videos` VALUES ('321', 'Garbage - Special_OK.mpg', '23239', '0', '0', '', '0', '0', '', '0');
INSERT INTO `videos` VALUES ('322', 'Garbage - Stupid Girl_OK.mpg', '60079', '0', '0', '', '0', '0', '', '0');
INSERT INTO `videos` VALUES ('323', 'Garbage - The Trick Is To Keep Breathing_OK.mpg', '4227', '0', '0', '', '0', '0', '', '0');
INSERT INTO `videos` VALUES ('324', 'Garbage - Twine_OK.mpg', '42453', '0', '0', '', '0', '0', '', '0');
INSERT INTO `videos` VALUES ('325', 'Garbage - Vow_OK.mpg', '46379', '0', '0', '', '0', '0', '', '0');
INSERT INTO `videos` VALUES ('326', 'Garbage - When I Grow Up_OK.mpg', '35507', '0', '0', '', '0', '0', '', '0');
INSERT INTO `videos` VALUES ('327', 'Garbage - You Look So Fine_OK.mpg', '2672', '0', '0', '', '0', '0', '', '0');
INSERT INTO `videos` VALUES ('328', 'Gene Spitting Blood (1).mov', '3816', '0', '0', '', '0', '0', '', '0');
INSERT INTO `videos` VALUES ('329', 'George_Harrison_-_Got_my_mind_set_on_You.mpg', '31322', '0', '0', '', '0', '0', '', '0');
INSERT INTO `videos` VALUES ('330', 'Gigi d agostino - La passion_OK.mpeg', '4005', '0', '0', '', '0', '0', '', '0');
INSERT INTO `videos` VALUES ('331', 'Goo Goo Dolls - Iris.mpg', '36365', '0', '0', '', '0', '0', '', '0');
INSERT INTO `videos` VALUES ('332', 'Gorillaz - Clint Eastwood_OK.mpg', '38233', '0', '0', '', '0', '0', '', '0');
INSERT INTO `videos` VALUES ('333', 'Guns & Roses - Axl And Slash Interview_OK.mpg', '1155', '0', '0', '', '0', '0', '', '0');
INSERT INTO `videos` VALUES ('334', 'Guns and Roses - Live and Let Die_OK.mpg', '32602', '0', '0', '', '0', '0', '', '0');
INSERT INTO `videos` VALUES ('335', 'Guns and Roses - Sweet Child O\' Mine_OK.mpg', '43736', '0', '0', '', '0', '0', '', '0');
INSERT INTO `videos` VALUES ('336', 'Guns n\' Roses - Don\'t Cry_OK.mpg', '51681', '0', '0', '', '0', '0', '', '0');
INSERT INTO `videos` VALUES ('337', 'Guns N\' Roses - November Rain_OK.mpg', '109578', '0', '0', '', '0', '0', '', '0');
INSERT INTO `videos` VALUES ('338', 'Guns N Roses - Paradise City_OK.mpg', '69524', '0', '0', '', '0', '0', '', '0');
INSERT INTO `videos` VALUES ('339', 'Guns n\' Roses - Patience_OK.mpg', '67606', '0', '0', '', '0', '0', '', '0');
INSERT INTO `videos` VALUES ('340', 'Guns N Roses - Welcome to the Jungle (Dragonball Z_Anime)_OK.asf', '10612', '0', '0', '', '0', '0', '', '0');
INSERT INTO `videos` VALUES ('341', 'Guns N Roses - Welcome To The Jungle_OK.mpg', '46417', '0', '0', '', '0', '0', '', '0');
INSERT INTO `videos` VALUES ('342', 'Guns N\' Roses & Queen Bohemiunrapsedy_NOK.mpg', '6902', '0', '0', '', '0', '0', '', '0');
INSERT INTO `videos` VALUES ('343', 'Guns N\' Roses -Estranged_OK.mpg', '98697', '0', '0', '', '0', '0', '', '0');
INSERT INTO `videos` VALUES ('344', 'guns_and_roses-hitmix_medley(mtv_vmas_2k2-08-30-02)-ivtc_svcd-tb-vme.m2v', '1662', '0', '0', '', '0', '0', '', '0');
INSERT INTO `videos` VALUES ('345', 'Guns_N\'_Roses_(Video)_-_You_Could_Be_Mine_OK.mpg', '63807', '0', '0', '', '0', '0', '', '0');
INSERT INTO `videos` VALUES ('346', 'Gwar - Sick of you_OK.avi', '1439', '0', '0', '', '0', '0', '', '0');
INSERT INTO `videos` VALUES ('347', 'Hanson - MMMBop (videot).mpg', '39622', '0', '0', '', '0', '0', '', '0');
INSERT INTO `videos` VALUES ('349', 'Hendrix, Jimi - Fire (live At Woodstock)_OK.mpg', '34741', '0', '0', '', '0', '0', '', '0');
INSERT INTO `videos` VALUES ('350', 'Hendrix, Jimi - Purple Haze_OK.mpg', '2263', '0', '0', '', '0', '0', '', '0');
INSERT INTO `videos` VALUES ('351', 'Hendrix, Jimi - Wild Thing_NOK.asf', '16307', '0', '0', '', '0', '0', '', '0');
INSERT INTO `videos` VALUES ('352', 'Hewit, Jennifer Love - How Do I Deal_OK.mpg', '27252', '0', '0', '', '0', '0', '', '0');
INSERT INTO `videos` VALUES ('353', 'Him - Gone With The Sin.mpg', '78687', '0', '0', '', '0', '0', '', '0');
INSERT INTO `videos` VALUES ('354', 'Him - Gone With The Sin_NOK.avi', '1953', '0', '0', '', '0', '0', '', '0');
INSERT INTO `videos` VALUES ('355', 'Him - Join Me_OK.mpg', '32738', '0', '0', '', '0', '0', '', '0');
INSERT INTO `videos` VALUES ('356', 'Him - Poison girl_OK.mov', '7559', '0', '0', '', '0', '0', '', '0');
INSERT INTO `videos` VALUES ('357', 'Him - Pretending_OK.avi', '22832', '0', '0', '', '0', '0', '', '0');
INSERT INTO `videos` VALUES ('358', 'Him - Right Here In My Arms_OK.mpg', '37044', '0', '0', '', '0', '0', '', '0');
INSERT INTO `videos` VALUES ('359', 'Him - Wickedgame_OK.mpg', '2369', '0', '0', '', '0', '0', '', '0');
INSERT INTO `videos` VALUES ('360', 'Him_Pretending_OK.avi', '35934', '0', '0', '', '0', '0', '', '0');
INSERT INTO `videos` VALUES ('361', 'Hole - Celebrity Skin (live-topless)_OK.mpg', '37485', '0', '0', '', '0', '0', '', '0');
INSERT INTO `videos` VALUES ('362', 'Holly_Valance-Down_Boy-CDUK-21st_Sept_2002-svcd-RichieH-vme.m2v', '69898', '0', '0', '', '0', '0', '', '0');
INSERT INTO `videos` VALUES ('363', 'Ike Tina Turner Nutbush city limits ca1970 (1).avi', '11856', '0', '0', '', '0', '0', '', '0');
INSERT INTO `videos` VALUES ('364', 'Imbruglia, Natalie - Torn_OK.mpg', '3914', '0', '0', '', '0', '0', '', '0');
INSERT INTO `videos` VALUES ('365', 'In Mood feat. Juliette - The Last Unicorn_OK.ASF', '13236', '0', '0', '', '0', '0', '', '0');
INSERT INTO `videos` VALUES ('367', 'Iron Maiden ROCK IN RIO 2 - AC3 (undostres).avi', '816542', '0', '0', '', '0', '0', '', '0');
INSERT INTO `videos` VALUES ('368', 'Isaak, Chris  - Wicked Game_OK.mpeg', '41443', '0', '0', '', '0', '0', '', '0');
INSERT INTO `videos` VALUES ('369', 'J. Geils Band - Freeze Frame (LD)(videot).mpg', '38614', '0', '0', '', '0', '0', '', '0');
INSERT INTO `videos` VALUES ('370', 'Jaded.avi', '35594', '0', '0', '', '0', '0', '', '0');
INSERT INTO `videos` VALUES ('371', 'Jagger, Mick & Bowie, David - Dancing In The Streets_OK.mpg', '27036', '0', '0', '', '0', '0', '', '0');
INSERT INTO `videos` VALUES ('372', 'Jennifer Lopez - Waiting For Tonight (videot).mpg', '42514', '0', '0', '', '0', '0', '', '0');
INSERT INTO `videos` VALUES ('373', 'Jennifer Lopez - Waiting For Tonight.asf', '1579', '0', '0', '', '0', '0', '', '0');
INSERT INTO `videos` VALUES ('374', 'Jewel - Jupiter (Swallow The Moon)_OK.mpg', '37662', '0', '0', '', '0', '0', '', '0');
INSERT INTO `videos` VALUES ('375', 'Jimi_Hendrix_Ilse_of_wight_OK.mpg', '566878', '0', '0', '', '0', '0', '', '0');
INSERT INTO `videos` VALUES ('376', 'Joe Cocker - With A Little Help From My Friends.mpg', '39424', '0', '0', '', '0', '0', '', '0');
INSERT INTO `videos` VALUES ('377', 'Joe Satriani - Satch Boogie (Live - Private Concert).mpg', '22302', '0', '0', '', '0', '0', '', '0');
INSERT INTO `videos` VALUES ('378', 'Joel, Billy - Allentown.mpg', '38856', '4', '6', 'Album: The Nylon Curtain', '4', '1982', '', '0');
INSERT INTO `videos` VALUES ('379', 'Joel, Billy - It\'s Still Rock N\' Roll To Me.mpg', '30237', '4', '6', 'Album Glass Houses, kultig, rotes Hemd', '1', '1980', '', '0');
INSERT INTO `videos` VALUES ('380', 'Joel, Billy - Keepin\' the Faith.mpg', '59824', '4', '6', 'Album: An Innocent Man', '5', '1983', '', '0');
INSERT INTO `videos` VALUES ('381', 'Joel, Billy - New York State Of Mind (live Tibute To Heroes).mpg', '60864', '4', '6', 'soll  wohl jazzig sein, ziemlich fade', '5', '2001', '', '0');
INSERT INTO `videos` VALUES ('382', 'John Fogerty - Rock And Roll Girls (videot).mpg', '31337', '0', '0', '', '0', '0', '', '0');
INSERT INTO `videos` VALUES ('383', 'John Lennon - Imagine (Mike Douglas Show).mpg', '33988', '0', '0', '', '0', '0', '', '0');
INSERT INTO `videos` VALUES ('384', 'John Lennon - Imagine.mpeg', '33088', '0', '0', '', '0', '0', '', '0');
INSERT INTO `videos` VALUES ('385', 'John Lennon - Starting Over.mpg', '4143', '0', '0', '', '0', '0', '', '0');
INSERT INTO `videos` VALUES ('386', 'John Lennon - Woman.mpg', '37972', '0', '0', '', '0', '0', '', '0');
INSERT INTO `videos` VALUES ('387', 'John Petrucci - Amazing guitar Solo.mpg', '2956', '0', '0', '', '0', '0', '', '0');
INSERT INTO `videos` VALUES ('388', 'John Petrucci - Great Guitar Solo.mpeg', '5127', '0', '0', '', '0', '0', '', '0');
INSERT INTO `videos` VALUES ('389', 'Jon Bon Jovi & Richie Sambora - America The Beautiful.mpg', '28442', '0', '0', '', '0', '0', '', '0');
INSERT INTO `videos` VALUES ('390', 'JonBonJovi-Blazeofglory-VSN_NOK.mpg', '24079', '0', '0', '', '0', '0', '', '0');
INSERT INTO `videos` VALUES ('391', 'Just Enjoy The Ozzy And Keep Your Mouth Shut_OK.mpg', '27968', '0', '0', '', '0', '0', '', '0');
INSERT INTO `videos` VALUES ('392', 'Keating_Ronan_Loving_Each_Day_OK.avi', '3278', '0', '0', '', '0', '0', '', '0');
INSERT INTO `videos` VALUES ('393', 'Kelly_R_-_Worlds_Greatest.avi', '45512', '0', '0', '', '0', '0', '', '0');
INSERT INTO `videos` VALUES ('394', 'Keys, Alicia - A Women´s Worth_OK.mpg', '66691', '0', '0', '', '0', '0', '', '0');
INSERT INTO `videos` VALUES ('395', 'Keys, Alicia - Fallin_OK.mpg', '55265', '0', '0', '', '0', '0', '', '0');
INSERT INTO `videos` VALUES ('396', 'Kid Rock - American Bad Ass.mpg', '47731', '4', '1', '', '2', '2000', '', '0');
INSERT INTO `videos` VALUES ('397', 'Kid Rock - Bawitdaba (woodstock 99)_OK.mpg', '42983', '0', '0', '', '0', '0', '', '0');
INSERT INTO `videos` VALUES ('398', 'Kid Rock - Cowboy_OK.mpeg', '54778', '0', '0', '', '0', '0', '', '0');
INSERT INTO `videos` VALUES ('399', 'Kid Rock - Forever_OK.mpg', '53752', '0', '0', '', '0', '0', '', '0');
INSERT INTO `videos` VALUES ('400', 'Kid Rock - Only God Knows Why.mpeg', '55951', '0', '0', '', '0', '0', '', '0');
INSERT INTO `videos` VALUES ('401', 'Kim Carnes - Bette Davis Eyes_OK.mpg', '37985', '0', '0', '', '0', '0', '', '0');
INSERT INTO `videos` VALUES ('402', 'Kim Wilde - Cambodia.mpg', '53956', '0', '0', '', '0', '0', '', '0');
INSERT INTO `videos` VALUES ('403', 'Kim Wilde - If I Can\'t Have You.mpeg', '47025', '0', '0', '', '0', '0', '', '0');
INSERT INTO `videos` VALUES ('404', 'Kim Wilde - Kids In America.mpg', '44533', '0', '0', '', '0', '0', '', '0');
INSERT INTO `videos` VALUES ('405', 'Kim Wilde - Love Blonde.mpg', '47022', '0', '0', '', '0', '0', '', '0');
INSERT INTO `videos` VALUES ('406', 'Kim Wilde - Love Is Holy.mpeg', '54044', '0', '0', '', '0', '0', '', '0');
INSERT INTO `videos` VALUES ('407', 'Kim Wilde - View From A Bridge.mpg', '47821', '0', '0', '', '0', '0', '', '0');
INSERT INTO `videos` VALUES ('408', 'Kim Wilde - You Came.mpeg', '48722', '0', '0', '', '0', '0', '', '0');
INSERT INTO `videos` VALUES ('409', 'Kim Wilde - You Keep Me Hanging On.mpg', '40066', '0', '0', '', '0', '0', '', '0');
INSERT INTO `videos` VALUES ('410', 'Kiss - 1974 - Black Diamond_OK.mpg', '35505', '0', '0', '', '0', '0', '', '0');
INSERT INTO `videos` VALUES ('411', 'Kiss - 1974 - Firehouse.mpg', '31937', '0', '0', '', '0', '0', '', '0');
INSERT INTO `videos` VALUES ('412', 'KISS - 1975 - Deuce - From The Midnight Special_OK.mpg', '9388', '0', '0', '', '0', '0', '', '0');
INSERT INTO `videos` VALUES ('413', 'Kiss - Creatures Of The Night (live \'84)_OK.mpg', '54714', '0', '0', '', '0', '0', '', '0');
INSERT INTO `videos` VALUES ('414', 'Kiss - Detroit Rock City - Arsenio Hall Show \'92_OK.mpg', '3262', '0', '0', '', '0', '0', '', '0');
INSERT INTO `videos` VALUES ('415', 'Kiss - Detroit Rock City(paul Lynde Halloween Special \'76)_NOK.mpg', '10374', '0', '0', '', '0', '0', '', '0');
INSERT INTO `videos` VALUES ('416', 'Kiss - Double Platinum Commercial.mpg', '4322', '0', '0', '', '0', '0', '', '0');
INSERT INTO `videos` VALUES ('417', 'Kiss - Gene\'s Hair On Fire_OK.mpg', '1419', '0', '0', '', '0', '0', '', '0');
INSERT INTO `videos` VALUES ('418', 'Kiss - I Was Made For Loving You (live)_OK.mpg', '52014', '0', '0', '', '0', '0', '', '0');
INSERT INTO `videos` VALUES ('419', 'Kiss - Love Gun - Brooklyn Bridge 98_OK.mpg', '32378', '0', '0', '', '0', '0', '', '0');
INSERT INTO `videos` VALUES ('420', 'Kiss - Originals (commercial)_OK.mpg', '3639', '0', '0', '', '0', '0', '', '0');
INSERT INTO `videos` VALUES ('421', 'Kiss - Pepsi Commercial_OK.mpg', '4144', '0', '0', '', '0', '0', '', '0');
INSERT INTO `videos` VALUES ('422', 'Kiss - Psycho Circus_OK.avi', '6689', '0', '0', '', '0', '0', '', '0');
INSERT INTO `videos` VALUES ('423', 'Kiss Alive Commercial_OK.mpg', '4295', '0', '0', '', '0', '0', '', '0');
INSERT INTO `videos` VALUES ('424', 'Kiss Commercial - Holiday Inn_OK.mpeg', '5545', '0', '0', '', '0', '0', '', '0');
INSERT INTO `videos` VALUES ('425', 'Kiss With Garth Brooks - Hard Luck Woman_OK.mpg', '43123', '0', '0', '', '0', '0', '', '0');
INSERT INTO `videos` VALUES ('426', 'kiss-rock_and_roll_all_night(that_70s_show_version)-1975-ivtc_svcd-tb-vme.m2v', '60762', '0', '0', '', '0', '0', '', '0');
INSERT INTO `videos` VALUES ('427', 'Kraftwerk - The Model_OK.mpg', '34676', '0', '0', '', '0', '0', '', '0');
INSERT INTO `videos` VALUES ('428', 'Kravitz, Lenny - Are You Gonna Go My Way _OK.mpg', '42268', '0', '0', '', '0', '0', '', '0');
INSERT INTO `videos` VALUES ('429', 'Kylie Minogue - Cant Get You Out Of My Head_OK.mpg', '38696', '0', '0', '', '0', '0', '', '0');
INSERT INTO `videos` VALUES ('430', 'Kylie Minogue - Confide In Me.mpg', '53996', '0', '0', '', '0', '0', '', '0');
INSERT INTO `videos` VALUES ('431', 'Kylie Minogue - On A Night Like This_OK.avi', '26094', '0', '0', '', '0', '0', '', '0');
INSERT INTO `videos` VALUES ('432', 'Kylie Minogue - Spinning Around_OK.mpg', '36565', '0', '0', '', '0', '0', '', '0');
INSERT INTO `videos` VALUES ('433', 'Kylie Minogue - The Loco-Motion (videot).mpg', '31989', '0', '0', '', '0', '0', '', '0');
INSERT INTO `videos` VALUES ('434', 'Kylie_Minogue-Cant_Get_You_Out_Of_My_Head_Remix-Live_On_The_.m2v', '84007', '0', '0', '', '0', '0', '', '0');
INSERT INTO `videos` VALUES ('435', 'La Cream - Free_OK.mpg', '3585', '0', '0', '', '0', '0', '', '0');
INSERT INTO `videos` VALUES ('436', 'Las Ketchup - The KetchupSong.m2v', '69223', '0', '0', '', '0', '0', '', '0');
INSERT INTO `videos` VALUES ('437', 'Lasgo  Something - Ravenge_OK.mpeg', '37731', '0', '0', '', '0', '0', '', '0');
INSERT INTO `videos` VALUES ('438', 'LeAnn Rimes - Can\'t Fight The Moonlight_OK.mpg', '36726', '0', '0', '', '0', '0', '', '0');
INSERT INTO `videos` VALUES ('439', 'Led Zeppelin - Kashmir(movie)_NOK.mpeg', '406', '0', '0', '', '0', '0', '', '0');
INSERT INTO `videos` VALUES ('440', 'Led Zeppelin - Kashmir_OK.mpeg', '82449', '0', '0', '', '0', '0', '', '0');
INSERT INTO `videos` VALUES ('441', 'Led Zeppelin - Over The Hills And Far Away_NOK.mpg', '34458', '0', '0', '', '0', '0', '', '0');
INSERT INTO `videos` VALUES ('443', 'Led Zeppelin - Whole Lotta Love_OK.mpg', '55971', '0', '0', '', '0', '0', '', '0');
INSERT INTO `videos` VALUES ('444', 'Led_Zepplin_-_Over_The_Hills_And_Far_Away_OK.mpg', '4845', '0', '0', '', '0', '0', '', '0');
INSERT INTO `videos` VALUES ('445', 'Lenny Kravitz - American Woman_OK.mpg', '44484', '0', '0', '', '0', '0', '', '0');
INSERT INTO `videos` VALUES ('446', 'Newton-John, Olivia - Xanadu.mpg', '40967', '3', '6', 'coole 80-er Jahre Frisur', '5', '1982', 'Olivia in Concert 1982', '0');
INSERT INTO `videos` VALUES ('447', 'Lenny Kravitz - Believe_OK.mpg', '35986', '0', '0', '', '0', '0', '', '0');
INSERT INTO `videos` VALUES ('448', 'Lenny Kravitz - Fly Away.mpg', '37899', '0', '0', '', '0', '0', '', '0');
INSERT INTO `videos` VALUES ('449', 'Lenny Kravitz - Mama Said(snl)(pmd).mpg', '43255', '0', '0', '', '0', '0', '', '0');
INSERT INTO `videos` VALUES ('450', 'Lenny Kravitz- I belong to you.avi', '12844', '0', '0', '', '0', '0', '', '0');
INSERT INTO `videos` VALUES ('451', 'Lenny_Kravitz_-_Again_OK.mpg', '4711', '0', '0', '', '0', '0', '', '0');
INSERT INTO `videos` VALUES ('452', 'Limp Bizkit  & Korn  - All In The Family (Live)_OK.mpeg', '3072', '0', '0', '', '0', '0', '', '0');
INSERT INTO `videos` VALUES ('453', 'Limp Bizkit - Boiler_OK.mpeg', '52028', '0', '0', '', '0', '0', '', '0');
INSERT INTO `videos` VALUES ('454', 'Limp Bizkit - Counterfeit_OK.mpg', '33337', '0', '0', '', '0', '0', '', '0');
INSERT INTO `videos` VALUES ('455', 'Limp Bizkit - Faith (Live At Woodstock99)_OK.asf', '8276', '0', '0', '', '0', '0', '', '0');
INSERT INTO `videos` VALUES ('456', 'Limp Bizkit - Jump Around_OK.mpg', '22648', '0', '0', '', '0', '0', '', '0');
INSERT INTO `videos` VALUES ('457', 'Limp Bizkit - My Generation (uncensored)_NOK.mpg', '3102', '0', '0', '', '0', '0', '', '0');
INSERT INTO `videos` VALUES ('458', 'Limp Bizkit - N 2 Gether Now (Explicit)_OK.mpg', '52337', '0', '0', '', '0', '0', '', '0');
INSERT INTO `videos` VALUES ('459', 'Limp Bizkit - Nookie(Woodstock \'99)_OK.mpg', '63489', '0', '0', '', '0', '0', '', '0');
INSERT INTO `videos` VALUES ('460', 'Limp Bizkit - Nookie_OK.mpeg', '4636', '0', '0', '', '0', '0', '', '0');
INSERT INTO `videos` VALUES ('461', 'Limp Bizkit - Re-arranged_OK.mpeg', '54916', '0', '0', '', '0', '0', '', '0');
INSERT INTO `videos` VALUES ('462', 'Limp Bizkit - Rollin\'_OK.mpeg', '41748', '0', '0', '', '0', '0', '', '0');
INSERT INTO `videos` VALUES ('463', 'Limp Bizkit - Take A Look Around (Theme From M I 2)_OK.mpeg', '53157', '0', '0', '', '0', '0', '', '0');
INSERT INTO `videos` VALUES ('464', 'Limp Bizkit-Faith_OK.mpeg', '27624', '0', '0', '', '0', '0', '', '0');
INSERT INTO `videos` VALUES ('465', 'Limp_Bizkit_-_My_Way_OK.mpeg', '50347', '0', '0', '', '0', '0', '', '0');
INSERT INTO `videos` VALUES ('466', 'Linkin Park - Crawling_OK.mpeg', '35601', '0', '0', '', '0', '0', '', '0');
INSERT INTO `videos` VALUES ('467', 'Linkin Park - In The End.mpeg', '38008', '0', '0', '', '0', '0', '', '0');
INSERT INTO `videos` VALUES ('468', 'Lopez, Jennifer - Feelin So Good(mj)_OK.mpg', '58185', '0', '0', '', '0', '0', '', '0');
INSERT INTO `videos` VALUES ('469', 'Lopez, Jennifer - Let\'s Get Loud_OK.mpeg', '35683', '0', '0', '', '0', '0', '', '0');
INSERT INTO `videos` VALUES ('470', 'Lopez, Jennifer - Love Don\'t Cost A Thing_OK.mpg', '52989', '0', '0', '', '0', '0', '', '0');
INSERT INTO `videos` VALUES ('471', 'Lopez, Jennifer - No Me Ames_OK.mpg', '48837', '0', '0', '', '0', '0', '', '0');
INSERT INTO `videos` VALUES ('472', 'Lou bega - Mambo #5_OK.mpg', '37358', '0', '0', '', '0', '0', '', '0');
INSERT INTO `videos` VALUES ('473', 'Louis Armstrong - What A Wonderful World.mpg', '26208', '0', '0', '', '0', '0', '', '0');
INSERT INTO `videos` VALUES ('474', 'Louise - light of my life.mpg', '42474', '0', '0', '', '0', '0', '', '0');
INSERT INTO `videos` VALUES ('475', 'love.mpg', '70902', '0', '0', '', '0', '0', '', '0');
INSERT INTO `videos` VALUES ('476', 'Lox - Ryde Or  Chick (uncensored ) Die Feat_OK. Eve.mpeg', '39874', '0', '0', '', '0', '0', '', '0');
INSERT INTO `videos` VALUES ('477', 'M_Pop Muzic(OldFart).m2v', '63286', '0', '0', '', '0', '0', '', '0');
INSERT INTO `videos` VALUES ('478', 'Madonna - American Pie_OK.mpeg', '46419', '0', '0', '', '0', '0', '', '0');
INSERT INTO `videos` VALUES ('479', 'Madonna - What It Feels Like For A Girl_OK.mpg', '6096', '0', '0', '', '0', '0', '', '0');
INSERT INTO `videos` VALUES ('480', 'Malmsteen, Yngie - Short clip_OK.avi', '942', '0', '0', '', '0', '0', '', '0');
INSERT INTO `videos` VALUES ('481', 'Malmsteen, Yngwie - Far Beyond The Sun_OK.mpg', '48376', '0', '0', '', '0', '0', '', '0');
INSERT INTO `videos` VALUES ('483', 'Malmsteen, Yngwie - Playing A Solo In A Gibson Guitar_OK.mpg', '2103', '0', '0', '', '0', '0', '', '0');
INSERT INTO `videos` VALUES ('484', 'Malmsteen, Yngwie with Alcatrazz - Evil Eye (live)_OK .mpg', '644', '0', '0', '', '0', '0', '', '0');
INSERT INTO `videos` VALUES ('485', 'Maria Carey ft Jay Z - Heartbreaker.asf', '17493', '0', '0', '', '0', '0', '', '0');
INSERT INTO `videos` VALUES ('486', 'Mariah Carey - Heartbreaker - Remix_ok_OK.mpg', '59625', '0', '0', '', '0', '0', '', '0');
INSERT INTO `videos` VALUES ('487', 'Marilyn Manson - Dope Hat_OK.mpg', '44554', '0', '0', '', '0', '0', '', '0');
INSERT INTO `videos` VALUES ('488', 'Marilyn Manson - Sweet Dreams Banned Version_OK.mpg', '4846', '0', '0', '', '0', '0', '', '0');
INSERT INTO `videos` VALUES ('489', 'Marilyn Manson - The Beautiful People_OK.mpg', '39006', '0', '0', '', '0', '0', '', '0');
INSERT INTO `videos` VALUES ('490', 'Mario Picotto - Komodo_OK.rm', '4626', '0', '0', '', '0', '0', '', '0');
INSERT INTO `videos` VALUES ('491', 'Marley, Bob - Sun Is Shining_OK.asf', '11323', '0', '0', '', '0', '0', '', '0');
INSERT INTO `videos` VALUES ('492', 'Martin, Ricky - Livin\' La Vida Loca_OK.mpg', '51926', '0', '0', '', '0', '0', '', '0');
INSERT INTO `videos` VALUES ('493', 'Martin, Ricky ft Meja - Privae Emotion_OK.asf', '15086', '0', '0', '', '0', '0', '', '0');
INSERT INTO `videos` VALUES ('494', 'Massive Attack - Teardrop - Hoaxy - Mv_OK.mpg', '49159', '0', '0', '', '0', '0', '', '0');
INSERT INTO `videos` VALUES ('495', 'Matchbox 20 - Bent_OK.mpg', '42476', '0', '0', '', '0', '0', '', '0');
INSERT INTO `videos` VALUES ('496', 'Matchbox 20 - Push.mpeg', '4436', '0', '0', '', '0', '0', '', '0');
INSERT INTO `videos` VALUES ('497', 'Meat Loaf - I Would Do Anything_OK.mpg', '78751', '0', '0', '', '0', '0', '', '0');
INSERT INTO `videos` VALUES ('498', 'Melanie C - I Turn To You_OK.mpg', '43971', '0', '0', '', '0', '0', '', '0');
INSERT INTO `videos` VALUES ('499', 'Members-of-Mayday_CultureFlash_OK.avi', '29076', '0', '0', '', '0', '0', '', '0');
INSERT INTO `videos` VALUES ('500', 'Metallica - Enter Sandman (Live At Woodstock99)_OK.asf', '15988', '0', '0', '', '0', '0', '', '0');
INSERT INTO `videos` VALUES ('501', 'Metallica - Enter Sandman_OK.mpg', '58401', '0', '0', '', '0', '0', '', '0');
INSERT INTO `videos` VALUES ('502', 'Metallica - Hero Of The Day S&m_OK.mpg', '46641', '0', '0', '', '0', '0', '', '0');
INSERT INTO `videos` VALUES ('503', 'Metallica - Sabbra Cadabra (black Sabbath Medley Live)_OK.mpg', '30925', '0', '0', '', '0', '0', '', '0');
INSERT INTO `videos` VALUES ('504', 'Metallica - The Unforgiven Ii_OK.mpg', '66894', '0', '0', '', '0', '0', '', '0');
INSERT INTO `videos` VALUES ('505', 'Metallica - Turn The Page_OK.mpeg', '59053', '0', '0', '', '0', '0', '', '0');
INSERT INTO `videos` VALUES ('506', 'Metallica - Whiskey In The Jar_OK.mpg', '58874', '0', '0', '', '0', '0', '', '0');
INSERT INTO `videos` VALUES ('507', 'Metallica With Sf Symphony - Sad But True_OK.mpg', '58581', '0', '0', '', '0', '0', '', '0');
INSERT INTO `videos` VALUES ('508', 'Metallica_for_whom_the_bell_tolls_(live_woodstock_99)_OK.mpg', '2958', '0', '0', '', '0', '0', '', '0');
INSERT INTO `videos` VALUES ('509', 'Michael Jackson - Bad (1).mpg', '5522', '0', '0', '', '0', '0', '', '0');
INSERT INTO `videos` VALUES ('510', 'Michael Jackson - Beat It.mpg', '50478', '0', '0', '', '0', '0', '', '0');
INSERT INTO `videos` VALUES ('511', 'Michael Jackson - Billie Jean.mpg', '50766', '0', '0', '', '0', '0', '', '0');
INSERT INTO `videos` VALUES ('512', 'Michael Jackson - Smooth Criminal.mpg', '4071', '0', '0', '', '0', '0', '', '0');
INSERT INTO `videos` VALUES ('513', 'Mick Jagger_God Gave Me Everything_SNL.mpg', '37588', '0', '0', '', '0', '0', '', '0');
INSERT INTO `videos` VALUES ('514', 'Midnight Oil - Beds Are Burning (videot).mpg', '47287', '0', '0', '', '0', '0', '', '0');
INSERT INTO `videos` VALUES ('515', 'Mike Oldfield - 5 Miles Out.mpg', '42923', '0', '0', '', '0', '0', '', '0');
INSERT INTO `videos` VALUES ('516', 'Mike Oldfield - Let There Be Light.mpg', '53562', '0', '0', '', '0', '0', '', '0');
INSERT INTO `videos` VALUES ('517', 'Mike Oldfield - Moonlight Shadow (Live, Volcano Concert) divx-trade(1).avi', '68794', '0', '0', '', '0', '0', '', '0');
INSERT INTO `videos` VALUES ('518', 'Mike Oldfield - Moonlight Shadow.mpg', '33762', '0', '0', '', '0', '0', '', '0');
INSERT INTO `videos` VALUES ('520', 'M-Mitternmeier_n_Guano-Babes_KumboYah_OK.avi', '42674', '0', '0', '', '0', '0', '', '0');
INSERT INTO `videos` VALUES ('522', 'Moby - Porcelain_OK.mpg', '32978', '0', '0', '', '0', '0', '', '0');
INSERT INTO `videos` VALUES ('523', 'Modern Talking  - China In Here Eyes_OK.mpg', '34037', '0', '0', '', '0', '0', '', '0');
INSERT INTO `videos` VALUES ('524', 'Modern Talking - Atlantis Is Calling_OK.mpg', '28016', '0', '0', '', '0', '0', '', '0');
INSERT INTO `videos` VALUES ('525', 'Modern Talking - Brother Louie 98_OK.mpeg', '40193', '0', '0', '', '0', '0', '', '0');
INSERT INTO `videos` VALUES ('527', 'Modern Talking - Geronimos Cadillac(orginal)_NOK.mpg', '13268', '0', '0', '', '0', '0', '', '0');
INSERT INTO `videos` VALUES ('528', 'Modern Talking - Last Exit To Brooklyn_OK.mpg', '32902', '0', '0', '', '0', '0', '', '0');
INSERT INTO `videos` VALUES ('529', 'Modern Talking - Sexy Sexy Lover_OK.mpg', '34488', '0', '0', '', '0', '0', '', '0');
INSERT INTO `videos` VALUES ('530', 'Modern Talking - Win The Race_OK.mpg', '41612', '0', '0', '', '0', '0', '', '0');
INSERT INTO `videos` VALUES ('531', 'Modern Talking - You´re My Heart, My Soul_OK.avi', '18118', '0', '0', '', '0', '0', '', '0');
INSERT INTO `videos` VALUES ('532', 'Moetley Crue - Piece Of The Action_NOK.mpg', '2564', '0', '0', '', '0', '0', '', '0');
INSERT INTO `videos` VALUES ('533', 'Morissette, Alanis - Thank You_OK.mpg', '53167', '0', '0', '', '0', '0', '', '0');
INSERT INTO `videos` VALUES ('534', 'Motley Crue - Afraid.mpg', '39683', '0', '0', '', '0', '0', '', '0');
INSERT INTO `videos` VALUES ('535', 'Motley Crue - Dancing on Glass.mpg', '44345', '0', '0', '', '0', '0', '', '0');
INSERT INTO `videos` VALUES ('536', 'Motley Crue - Dr Feelgood (1).mpg', '49129', '0', '0', '', '0', '0', '', '0');
INSERT INTO `videos` VALUES ('537', 'Motley Crue - Girls Girls Girls (uncensored)_NOK.mpg', '41533', '0', '0', '', '0', '0', '', '0');
INSERT INTO `videos` VALUES ('538', 'Motley Crue - Home Sweet Home.mpg', '47528', '0', '0', '', '0', '0', '', '0');
INSERT INTO `videos` VALUES ('539', 'Motley Crue - It\'s A True Story_NOK.mpg', '20766', '0', '0', '', '0', '0', '', '0');
INSERT INTO `videos` VALUES ('540', 'Motley Crue - Kickstart My Heart.mpg', '53386', '0', '0', '', '0', '0', '', '0');
INSERT INTO `videos` VALUES ('541', 'Motley Crue - Live Wire.mpg', '33787', '0', '0', '', '0', '0', '', '0');
INSERT INTO `videos` VALUES ('542', 'Motley Crue - Looks That Kill.mpg', '58412', '0', '0', '', '0', '0', '', '0');
INSERT INTO `videos` VALUES ('543', 'Motley Crue - Smoking In The Boys Room.mpg', '4705', '0', '0', '', '0', '0', '', '0');
INSERT INTO `videos` VALUES ('544', 'Motley Crue - Too Young To Fall In Love.mpg', '3538', '0', '0', '', '0', '0', '', '0');
INSERT INTO `videos` VALUES ('545', 'Motley Crue - Wild Side (Monsters of Rock) (1).mpg', '47728', '0', '0', '', '0', '0', '', '0');
INSERT INTO `videos` VALUES ('546', 'Motley Crue - Wild Side_OK.mpg', '49953', '0', '0', '', '0', '0', '', '0');
INSERT INTO `videos` VALUES ('547', 'Motley Crue - You\'re All I Need.mpg', '43566', '0', '0', '', '0', '0', '', '0');
INSERT INTO `videos` VALUES ('548', 'Motley_Crue_-_Don\'t_Go_Away_Mad_(Just_Go_Away).mpg', '42061', '0', '0', '', '0', '0', '', '0');
INSERT INTO `videos` VALUES ('549', 'Motley_Crue_-_Same_Ol__Situation__DraCo_.mpg', '49356', '0', '0', '', '0', '0', '', '0');
INSERT INTO `videos` VALUES ('551', 'ABBA - Chiquitita.mpg', '55455', '0', '6', '', '0', '0', '', '94');
INSERT INTO `videos` VALUES ('552', 'Mr. Big - To Be With You.mpg', '34964', '0', '0', '', '0', '0', '', '0');
INSERT INTO `videos` VALUES ('553', 'Myles_alannah_- _black_velvet_OK.mpg', '50392', '0', '0', '', '0', '0', '', '0');
INSERT INTO `videos` VALUES ('554', 'Nancy Sinatra - These Boots Are Made For Walkin\' (videot).mpg', '27323', '0', '0', '', '0', '0', '', '0');
INSERT INTO `videos` VALUES ('555', 'Nelly Furtado - Im Like A Bird(Zone).mpeg', '582', '0', '0', '', '0', '0', '', '0');
INSERT INTO `videos` VALUES ('556', 'Nelly Furtado - Turn Off The Light(Zone).mpeg', '57022', '0', '0', '', '0', '0', '', '0');
INSERT INTO `videos` VALUES ('557', 'Nelly_Furtado-Im_Like_a_Bird_(Live_on_Letterman)-HOV-uva.mpg', '38857', '0', '0', '', '0', '0', '', '0');
INSERT INTO `videos` VALUES ('558', 'Nena - 99 Luft Ballons (Live).mpg', '39401', '0', '0', '', '0', '0', '', '0');
INSERT INTO `videos` VALUES ('559', 'Nena - 99 Luftballons.mpg', '3996', '0', '0', '', '0', '0', '', '0');
INSERT INTO `videos` VALUES ('560', 'Nena - 99 Red Balloons.mpg', '57828', '0', '0', '', '0', '0', '', '0');
INSERT INTO `videos` VALUES ('561', 'New Kids On The Block - Hangin\' Tough.mpg', '3447', '0', '0', '', '0', '0', '', '0');
INSERT INTO `videos` VALUES ('562', 'New Kids on the Block- The right stuff.mpg', '466', '0', '0', '', '0', '0', '', '0');
INSERT INTO `videos` VALUES ('563', 'New Order - Blue monday.mpg', '28192', '0', '0', '', '0', '0', '', '0');
INSERT INTO `videos` VALUES ('564', 'New Order - Crystal.mpg', '44088', '0', '0', '', '0', '0', '', '0');
INSERT INTO `videos` VALUES ('565', 'New Order - True Faith.mpg', '29553', '0', '0', '', '0', '0', '', '0');
INSERT INTO `videos` VALUES ('566', 'New_Order_Regret.mpg', '48115', '0', '0', '', '0', '0', '', '0');
INSERT INTO `videos` VALUES ('567', 'Nickelback - How You Remind Me.mpg', '38289', '0', '0', '', '0', '0', '', '0');
INSERT INTO `videos` VALUES ('568', 'Nightwish - Over The Hills And Far Away_OK.mpeg', '34944', '0', '0', '', '0', '0', '', '0');
INSERT INTO `videos` VALUES ('569', 'Nine Inch Nails - Closer (Uncut)_OK.mpg', '61992', '0', '0', '', '0', '0', '', '0');
INSERT INTO `videos` VALUES ('570', 'Nirvana - Come As You Are.mpg', '3814', '0', '0', '', '0', '0', '', '0');
INSERT INTO `videos` VALUES ('571', 'Nirvana - Smells Like Teen Spirit_OK.asf', '1798', '0', '0', '', '0', '0', '', '0');
INSERT INTO `videos` VALUES ('572', 'No angels - Daylight_OK.mpeg', '3666', '0', '0', '', '0', '0', '', '0');
INSERT INTO `videos` VALUES ('573', 'Buddy Holly - Oh Boy (Ed Sullivan Show 1958).mpg', '22681', '0', '0', '', '0', '0', '', '0');
INSERT INTO `videos` VALUES ('574', 'Buddy Holly - Peggy Sue.mpg', '24956', '0', '0', '', '0', '0', '', '0');
INSERT INTO `videos` VALUES ('575', 'Olivia Newton-John 05 - Physical(LD) (videot).mpg', '38163', '0', '0', '', '0', '0', '', '0');
INSERT INTO `videos` VALUES ('576', 'Osbourne, Ozzy - Crazy Train_OK.mpg', '41646', '0', '0', '', '0', '0', '', '0');
INSERT INTO `videos` VALUES ('577', 'Osbourne, Ozzy - I Just Want You_OK.mpg', '44584', '0', '0', '', '0', '0', '', '0');
INSERT INTO `videos` VALUES ('579', 'Osbourne, Ozzy - Mama, I\'m Coming Home (live)_OK.mpg', '61404', '0', '0', '', '0', '0', '', '0');
INSERT INTO `videos` VALUES ('580', 'Osbourne, Ozzy - Miracle Man_OK.mpg', '63882', '0', '0', '', '0', '0', '', '0');
INSERT INTO `videos` VALUES ('581', 'Osbourne, Ozzy - Mr Crowley Live And Loud_OK.mpg', '68256', '0', '0', '', '0', '0', '', '0');
INSERT INTO `videos` VALUES ('582', 'Osbourne, Ozzy - No More Tears_OK.mpg', '50214', '0', '0', '', '0', '0', '', '0');
INSERT INTO `videos` VALUES ('583', 'Osbourne, Ozzy - Paranoid.mov', '2114', '0', '0', '', '0', '0', '', '0');
INSERT INTO `videos` VALUES ('584', 'Osbourne, Ozzy - Paranoid_NOK.asf', '780', '0', '0', '', '0', '0', '', '0');
INSERT INTO `videos` VALUES ('585', 'Osbourne, Ozzy - Perry Mason_OK.mpg', '38499', '0', '0', '', '0', '0', '', '0');
INSERT INTO `videos` VALUES ('586', 'Osbourne, Ozzy - Shot In The Dark_OK.mpg', '58595', '0', '0', '', '0', '0', '', '0');
INSERT INTO `videos` VALUES ('587', 'Osbourne, Ozzy - Suicide Solution_NOK.asf', '4948', '0', '0', '', '0', '0', '', '0');
INSERT INTO `videos` VALUES ('588', 'Osbourne, Ozzy & Randy Rhoads - Mr Crowley_OK.mpg', '62791', '0', '0', '', '0', '0', '', '0');
INSERT INTO `videos` VALUES ('589', 'Osbourne, Ozzy & Randy Rhoads - Mr_OK. Crowley [chicago 1.22.82].mpeg', '23461', '0', '0', '', '0', '0', '', '0');
INSERT INTO `videos` VALUES ('590', 'Osbourne, Ozzy & Randy Rhoads Live New York Palladium 81 - 05 - 02 Crazy Train.mpg', '4051', '0', '0', '', '0', '0', '', '0');
INSERT INTO `videos` VALUES ('593', 'Osbourne,Ozzy - Bark At The Moon_OK.mpg', '44959', '0', '0', '', '0', '0', '', '0');
INSERT INTO `videos` VALUES ('595', 'Ozzy Osbourne - Back on Earth.mpg', '41423', '0', '0', '', '0', '0', '', '0');
INSERT INTO `videos` VALUES ('596', 'Ozzy Osbourne - So Tired.mpeg', '41744', '0', '0', '', '0', '0', '', '0');
INSERT INTO `videos` VALUES ('597', 'Ozzy Osbourne - The Ultimate Sin.mpg', '37415', '0', '0', '', '0', '0', '', '0');
INSERT INTO `videos` VALUES ('598', 'ozzy_osbourne_-_dreamer-daveyscan-ucv.mpeg', '47349', '0', '0', '', '0', '0', '', '0');
INSERT INTO `videos` VALUES ('599', 'ozzy_osbourne_-_gets_me_through-sic-ucv.mpe', '49403', '0', '0', '', '0', '0', '', '0');
INSERT INTO `videos` VALUES ('600', 'Pantera -  A New Level {live with Scott Ian}.mpg', '58328', '0', '0', '', '0', '0', '', '0');
INSERT INTO `videos` VALUES ('601', 'Pantera  - Planet Caravan.mpg', '38876', '0', '0', '', '0', '0', '', '0');
INSERT INTO `videos` VALUES ('602', 'Pantera  - Yesterday Don\'t Mean Shit (Live Ozzfest).mpg', '4926', '0', '0', '', '0', '0', '', '0');
INSERT INTO `videos` VALUES ('603', 'Pantera - 5 Minutes Alone.mpeg', '60822', '0', '0', '', '0', '0', '', '0');
INSERT INTO `videos` VALUES ('604', 'Pantera - Broken.mpeg', '44901', '0', '0', '', '0', '0', '', '0');
INSERT INTO `videos` VALUES ('605', 'Pantera - Cowboys From Hell.mpeg', '41938', '0', '0', '', '0', '0', '', '0');
INSERT INTO `videos` VALUES ('606', 'Pantera - Mouth For War.mpe', '40153', '0', '0', '', '0', '0', '', '0');
INSERT INTO `videos` VALUES ('607', 'Pantera - Planet Caravan (Black Sabbath Cover) _OK.mpg', '38876', '0', '0', '', '0', '0', '', '0');
INSERT INTO `videos` VALUES ('608', 'Pantera - Primal Concrete Sledge (Live Ozzfest).mpg', '40339', '0', '0', '', '0', '0', '', '0');
INSERT INTO `videos` VALUES ('609', 'Pantera - This Love.mpeg', '48923', '0', '0', '', '0', '0', '', '0');
INSERT INTO `videos` VALUES ('610', 'Pantera - Walk.mpeg', '5342', '0', '0', '', '0', '0', '', '0');
INSERT INTO `videos` VALUES ('611', 'Pantera- Cowboys From Hell (Live Ozzfest).mpg', '63141', '0', '0', '', '0', '0', '', '0');
INSERT INTO `videos` VALUES ('612', 'Pantera_-_Cemetary_Gates.mpg', '5858', '0', '0', '', '0', '0', '', '0');
INSERT INTO `videos` VALUES ('613', 'pantera_-_suicide_note_part_2_(live).mpg', '55985', '0', '0', '', '0', '0', '', '0');
INSERT INTO `videos` VALUES ('614', 'Parker, Ray Jr - Ghostbusters_OK.mpg', '42587', '0', '0', '', '0', '0', '', '0');
INSERT INTO `videos` VALUES ('615', 'Pat Benatar - Love Is A Battlefield.mpg', '54082', '0', '0', '', '0', '0', '', '0');
INSERT INTO `videos` VALUES ('616', 'Paul Gilbert - Guitar solo.mpg', '50886', '0', '0', '', '0', '0', '', '0');
INSERT INTO `videos` VALUES ('617', 'Paul Gilbert - Serrana1 (1).mpeg', '1466', '0', '0', '', '0', '0', '', '0');
INSERT INTO `videos` VALUES ('618', 'Paul McCartney & Michael Jackson - Say, Say, Say.mpg', '50449', '0', '0', '', '0', '0', '', '0');
INSERT INTO `videos` VALUES ('619', 'paulgilbertteaching1.mpg', '56014', '0', '0', '', '0', '0', '', '0');
INSERT INTO `videos` VALUES ('620', 'paulgilbertteaching2.mpg', '47154', '0', '0', '', '0', '0', '', '0');
INSERT INTO `videos` VALUES ('621', 'Pearl Jam - Jeremy (MTV-live).mpg', '55982', '0', '0', '', '0', '0', '', '0');
INSERT INTO `videos` VALUES ('622', 'Pearl Jam - Jeremy.mpg', '56615', '0', '0', '', '0', '0', '', '0');
INSERT INTO `videos` VALUES ('623', 'Pearl-Jam-mtv-unplugged--Jeremy.mpeg', '63492', '0', '0', '', '0', '0', '', '0');
INSERT INTO `videos` VALUES ('624', 'Peter Schilling - Major Tom (videot).mpg', '4163', '0', '0', '', '0', '0', '', '0');
INSERT INTO `videos` VALUES ('625', 'Peter_Gabriel_Digging_in_the_Dirt.mpeg', '49306', '0', '0', '', '0', '0', '', '0');
INSERT INTO `videos` VALUES ('626', 'Pink Floyd - (live At Pompeii)- A Saucerful  Of Secrets_OK.mpg', '100626', '0', '0', '', '0', '0', '', '0');
INSERT INTO `videos` VALUES ('627', 'Pink Floyd - Another Brick In The Wall_OK.mpg', '62606', '0', '0', '', '0', '0', '', '0');
INSERT INTO `videos` VALUES ('628', 'Pink Floyd - Brain Damage Eclipse_OK.mpg', '33865', '0', '0', '', '0', '0', '', '0');
INSERT INTO `videos` VALUES ('629', 'Pink Floyd - Comfortably Numb (the Wall)_OK.mpg', '67931', '0', '0', '', '0', '0', '', '0');
INSERT INTO `videos` VALUES ('630', 'Pink Floyd - Goodbye Blue Sky (the Wall)_OK.avi', '17812', '0', '0', '', '0', '0', '', '0');
INSERT INTO `videos` VALUES ('631', 'Pink Floyd - High Hopes Live_OK.mpg', '3394', '0', '0', '', '0', '0', '', '0');
INSERT INTO `videos` VALUES ('632', 'Pink Floyd - High Hopes_OK.mpg', '3394', '0', '0', '', '0', '0', '', '0');
INSERT INTO `videos` VALUES ('633', 'Pink Floyd - Learning To Fly_OK.mpeg', '6076', '0', '0', '', '0', '0', '', '0');
INSERT INTO `videos` VALUES ('634', 'Pink Floyd - Live At Pompeii - Echoes (part 1)_OK.mpg', '117609', '0', '0', '', '0', '0', '', '0');
INSERT INTO `videos` VALUES ('635', 'Pink Floyd - Live At Pompeii - Echoes (Part 2 of 2)(1).mpg', '91016', '0', '0', '', '0', '0', '', '0');
INSERT INTO `videos` VALUES ('636', 'Pink Floyd - Money_NOK.mpg', '10715', '0', '0', '', '0', '0', '', '0');
INSERT INTO `videos` VALUES ('637', 'Pink Floyd - One Of These Days_OK.mpg', '55124', '0', '0', '', '0', '0', '', '0');
INSERT INTO `videos` VALUES ('638', 'Pink Floyd - Pulse - 01 - Shine On You Crazy Diamond_NOK.mpg', '8008', '0', '0', '', '0', '0', '', '0');
INSERT INTO `videos` VALUES ('639', 'Pink Floyd - Pulse - 14 - Wish You Were Here_NOK.mpg', '4528', '0', '0', '', '0', '0', '', '0');
INSERT INTO `videos` VALUES ('640', 'Pink Floyd - Pulse - Run Like Hell (7min).mpg', '71399', '0', '0', '', '0', '0', '', '0');
INSERT INTO `videos` VALUES ('641', 'Pink Floyd - Welcome To The Machine_OK.mpg', '66088', '0', '0', '', '0', '0', '', '0');
INSERT INTO `videos` VALUES ('642', 'Pink Floyd - Wish You Were Here (Live).mpg', '4528', '0', '0', '', '0', '0', '', '0');
INSERT INTO `videos` VALUES ('643', 'Pink Floyd The Final Cut_OK.mpg', '45984', '0', '0', '', '0', '0', '', '0');
INSERT INTO `videos` VALUES ('644', 'Pink Floyd-empty Spaces_OK.asf', '11082', '0', '0', '', '0', '0', '', '0');
INSERT INTO `videos` VALUES ('645', 'Pink_Floyd_-_Money.mpg', '89398', '0', '0', '', '0', '0', '', '0');
INSERT INTO `videos` VALUES ('646', 'pink-get_the_party_started-ravagevcd.mpg', '34327', '0', '0', '', '0', '0', '', '0');
INSERT INTO `videos` VALUES ('647', 'Placebo - Every You Every Me_OK.mpg', '32184', '0', '0', '', '0', '0', '', '0');
INSERT INTO `videos` VALUES ('648', 'Placebo - Slave To The Wedge_OK.mpg', '3751', '0', '0', '', '0', '0', '', '0');
INSERT INTO `videos` VALUES ('649', 'Prince - Kiss_OK.mpg', '34074', '0', '0', '', '0', '0', '', '0');
INSERT INTO `videos` VALUES ('650', 'Prince - Raspberry Beret_OK.mpg', '44447', '0', '0', '', '0', '0', '', '0');
INSERT INTO `videos` VALUES ('651', 'Prince & Lenny Kravitz (Live - Utrecht 1998).avi', '13188', '0', '0', '', '0', '0', '', '0');
INSERT INTO `videos` VALUES ('652', 'Prince and the Revolution - Little Red Corvette_OK.mpg', '32479', '0', '0', '', '0', '0', '', '0');
INSERT INTO `videos` VALUES ('653', 'Prince and the Revolution - When Doves Cry_OK.mpg', '61372', '0', '0', '', '0', '0', '', '0');
INSERT INTO `videos` VALUES ('654', 'Puff Daddy Feat. R Kelly - Satisfy You_OK.asf', '15579', '0', '0', '', '0', '0', '', '0');
INSERT INTO `videos` VALUES ('655', 'Queen - Another One Bites The Dust_OK.mpg', '35248', '0', '0', '', '0', '0', '', '0');
INSERT INTO `videos` VALUES ('656', 'Queen - Bohemian Rhapsody (wayne´s World)_OK.mpg', '6224', '0', '0', '', '0', '0', '', '0');
INSERT INTO `videos` VALUES ('657', 'Queen - Flash_OK.mpg', '25891', '0', '0', '', '0', '0', '', '0');
INSERT INTO `videos` VALUES ('658', 'Queen - I Want To Break Free_OK.mpg', '45065', '0', '0', '', '0', '0', '', '0');
INSERT INTO `videos` VALUES ('659', 'Queen - Innuendo.mpg', '68913', '0', '0', '', '0', '0', '', '0');
INSERT INTO `videos` VALUES ('660', 'Queen - It\'s A Hard Life.mpg', '35084', '0', '0', '', '0', '0', '', '0');
INSERT INTO `videos` VALUES ('661', 'Queen - Somebody To Love_OK.mpg', '50674', '0', '0', '', '0', '0', '', '0');
INSERT INTO `videos` VALUES ('662', 'Queen - The Show Must Go On_OK.mpg', '44171', '0', '0', '', '0', '0', '', '0');
INSERT INTO `videos` VALUES ('663', 'Queen - These Are The Days_OK.mpg', '38446', '0', '0', '', '0', '0', '', '0');
INSERT INTO `videos` VALUES ('664', 'Queen - We Are The Champions & We Will Rock You_OK.mpg', '5026', '0', '0', '', '0', '0', '', '0');
INSERT INTO `videos` VALUES ('665', 'Queen - We Will Rock You_OK.mpg', '20424', '0', '0', '', '0', '0', '', '0');
INSERT INTO `videos` VALUES ('666', 'Queen & Axl Rose - We Will Rock You_OK.mpg', '36685', '0', '0', '', '0', '0', '', '0');
INSERT INTO `videos` VALUES ('667', 'Queensryche - Queen Of The Reich (Rare Rock Music).mpg', '44154', '0', '0', '', '0', '0', '', '0');
INSERT INTO `videos` VALUES ('668', 'Rage Against The Machine - Bullet In The Head_NOK.mpg', '334', '0', '0', '', '0', '0', '', '0');
INSERT INTO `videos` VALUES ('669', 'Rage Against The Machine - Bulls On Parade_OK.mpg', '39643', '0', '0', '', '0', '0', '', '0');
INSERT INTO `videos` VALUES ('670', 'Rage Against The Machine - Freedom_OK.mpg', '6016', '0', '0', '', '0', '0', '', '0');
INSERT INTO `videos` VALUES ('671', 'Rage Against The Machine - Guerilla Radio_OK.mpeg', '38452', '0', '0', '', '0', '0', '', '0');
INSERT INTO `videos` VALUES ('672', 'Rage Against The Machine - Killing In The Name_OK.mpg', '53186', '0', '0', '', '0', '0', '', '0');
INSERT INTO `videos` VALUES ('673', 'Rage Against The Machine - No Shelter_OK.mpg', '4285', '0', '0', '', '0', '0', '', '0');
INSERT INTO `videos` VALUES ('674', 'Rage Against The Machine - Renegades Of Funk_OK.mpg', '39954', '0', '0', '', '0', '0', '', '0');
INSERT INTO `videos` VALUES ('675', 'Rage Against The Machine - Sleep Now In The Fire_OK.mpg', '40221', '0', '0', '', '0', '0', '', '0');
INSERT INTO `videos` VALUES ('676', 'Rage Against The Machine - Testify (live)_OK.mpg', '41911', '0', '0', '', '0', '0', '', '0');
INSERT INTO `videos` VALUES ('677', 'Rage Against The Machine - Testify_OK.mpeg', '3803', '0', '0', '', '0', '0', '', '0');
INSERT INTO `videos` VALUES ('678', 'Rammstein - Bestrafe mich (Live in Berlin)_OK.mpe', '38995', '0', '0', '', '0', '0', '', '0');
INSERT INTO `videos` VALUES ('679', 'Rammstein - Bück Dich (family Values 98)_OK.mpg', '49017', '0', '0', '', '0', '0', '', '0');
INSERT INTO `videos` VALUES ('680', 'Rammstein - Du Hast [live - Mtv Europe Awards)_OK.mpg', '48809', '0', '0', '', '0', '0', '', '0');
INSERT INTO `videos` VALUES ('681', 'Rammstein - Du Hast_OK.mpg', '40416', '0', '0', '', '0', '0', '', '0');
INSERT INTO `videos` VALUES ('682', 'Rammstein - Du Riechst So Gut 98_OK.mpg', '37856', '0', '0', '', '0', '0', '', '0');
INSERT INTO `videos` VALUES ('683', 'Rammstein - Engel (Evangelion_Anime)_OK.mpg', '70974', '0', '0', '', '0', '0', '', '0');
INSERT INTO `videos` VALUES ('684', 'Rammstein - Engel_OK.asf', '1689', '0', '0', '', '0', '0', '', '0');
INSERT INTO `videos` VALUES ('685', 'Rammstein - Heirate Mich (Live Sydney 2001)_OK.mpg', '64643', '0', '0', '', '0', '0', '', '0');
INSERT INTO `videos` VALUES ('686', 'Rammstein - Links 2 3 4_OK.mpeg', '35287', '0', '0', '', '0', '0', '', '0');
INSERT INTO `videos` VALUES ('687', 'Rammstein - Sonne_OK.mpg', '40898', '0', '0', '', '0', '0', '', '0');
INSERT INTO `videos` VALUES ('688', 'Rammstein - Stripped_OK.mpg', '38577', '0', '0', '', '0', '0', '', '0');
INSERT INTO `videos` VALUES ('689', 'Rammstein - Wollt Ihr Das Bett In Flammen Sehen (Live)_OK.mpg', '4712', '0', '0', '', '0', '0', '', '0');
INSERT INTO `videos` VALUES ('690', 'Ramones - Spider Man_OK.mpg', '21727', '0', '0', '', '0', '0', '', '0');
INSERT INTO `videos` VALUES ('691', 'Ranma - C-Kun - (Jackyl-Dirty Little Mind).avi', '24938', '0', '0', '', '0', '0', '', '0');
INSERT INTO `videos` VALUES ('692', 'Red Hot Chili Peppers - Californication_OK.mpg', '57304', '0', '0', '', '0', '0', '', '0');
INSERT INTO `videos` VALUES ('693', 'Red Hot Chili Peppers - Love Rollercoaster_OK.mpg', '36973', '0', '0', '', '0', '0', '', '0');
INSERT INTO `videos` VALUES ('694', 'Red Hot Chili Peppers - Scar Tissue_OK.mpg', '37967', '0', '0', '', '0', '0', '', '0');
INSERT INTO `videos` VALUES ('695', 'Red Hot Chilli Peppers - Around the World_OK.mpg', '36056', '0', '0', '', '0', '0', '', '0');
INSERT INTO `videos` VALUES ('696', 'Red_hot_chilli_peppers_-_otherside_OK.mpg', '56514', '0', '0', '', '0', '0', '', '0');
INSERT INTO `videos` VALUES ('697', 'Rednex - Cotton Eye Joe.mpg', '38968', '0', '0', '', '0', '0', '', '0');
INSERT INTO `videos` VALUES ('698', 'Rem - Losing My Religion_OK.mpg', '48271', '0', '0', '', '0', '0', '', '0');
INSERT INTO `videos` VALUES ('699', 'Robbie Williams - Eternity.mpg', '47669', '0', '0', '', '0', '0', '', '0');
INSERT INTO `videos` VALUES ('700', 'Robbie Williams - My way VIDEO (2).mpg', '56994', '0', '0', '', '0', '0', '', '0');
INSERT INTO `videos` VALUES ('701', 'Robbie Williams and Nicole Kidman - Something Stupid.mpg', '31136', '0', '0', '', '0', '0', '', '0');
INSERT INTO `videos` VALUES ('702', 'Rod Stewart - Forever Young  (1).mpg', '36134', '0', '0', '', '0', '0', '', '0');
INSERT INTO `videos` VALUES ('703', 'Rollergirl - Eternal Flame (Dance Version).mpg', '43948', '0', '0', '', '0', '0', '', '0');
INSERT INTO `videos` VALUES ('704', 'Rollergirl - Superstar_OK.mpeg', '41612', '0', '0', '', '0', '0', '', '0');
INSERT INTO `videos` VALUES ('705', 'RollerGirl_(Video)_-_Luv_U_More_(Live)_OK.mpg', '42674', '0', '0', '', '0', '0', '', '0');
INSERT INTO `videos` VALUES ('706', 'Rolling Stones - Sympathy For The Devil.mpg', '94481', '0', '0', '', '0', '0', '', '0');
INSERT INTO `videos` VALUES ('707', 'Rolling Stones - Tumblin\' Dice.avi', '5213', '0', '0', '', '0', '0', '', '0');
INSERT INTO `videos` VALUES ('708', 'Rolling Stones W John Lennon - Yer Blues (R&R Circus 68).mpg', '53444', '0', '0', '', '0', '0', '', '0');
INSERT INTO `videos` VALUES ('709', 'Rolling_Stones_Satisfaction.mpg', '52191', '0', '2', '', '0', '0', '', '216');
INSERT INTO `videos` VALUES ('710', 'RollingStones -Live- 1972 DeadFlowers(VCD).MPG', '38126', '0', '0', '', '0', '0', '', '0');
INSERT INTO `videos` VALUES ('711', 'Roxette - Centre Of My Heart_OK.asf', '14391', '0', '0', '', '0', '0', '', '0');
INSERT INTO `videos` VALUES ('712', 'Roxette - Fireworks_OK.asf', '15837', '0', '0', '', '0', '0', '', '0');
INSERT INTO `videos` VALUES ('713', 'Roxette - Listen To Your Heart_OK.mpg', '45904', '0', '0', '', '0', '0', '', '0');
INSERT INTO `videos` VALUES ('714', 'Roxette - The look_OK.mpg', '39475', '0', '0', '', '0', '0', '', '0');
INSERT INTO `videos` VALUES ('715', 'roxette_-_spending_my_time_NOK.mpg', '25851', '0', '0', '', '0', '0', '', '0');
INSERT INTO `videos` VALUES ('716', 'Rurouni Kenshin - Glory of Love (Kusoyaro) anime music video.mpg', '54826', '0', '0', '', '0', '0', '', '0');
INSERT INTO `videos` VALUES ('717', 'S Club 7 - Bring It All Back_OK.mpg', '34248', '0', '0', '', '0', '0', '', '0');
INSERT INTO `videos` VALUES ('718', 'S Club 7 - Natural (Full Length Video)_OK.mpg', '33074', '0', '0', '', '0', '0', '', '0');
INSERT INTO `videos` VALUES ('719', 'S Club 7 - S Club Party_OK.mpg', '49406', '0', '0', '', '0', '0', '', '0');
INSERT INTO `videos` VALUES ('720', 'S Club 7 - Two In A Million_OK .mpeg', '37671', '0', '0', '', '0', '0', '', '0');
INSERT INTO `videos` VALUES ('721', 'ABBA - SOS.mpg', '35139', '3', '7', 'Originalalbum: ABBA', '4', '1975', 'ABBA Gold', '94');
INSERT INTO `videos` VALUES ('722', 'Sade - By Your Side.mpg', '45239', '0', '0', '', '0', '0', '', '0');
INSERT INTO `videos` VALUES ('723', 'Sade - No Ordinary Love.mpg', '41256', '0', '0', '', '0', '0', '', '0');
INSERT INTO `videos` VALUES ('724', 'Sade - Sweetest Taboo.mpeg', '3582', '0', '0', '', '0', '0', '', '0');
INSERT INTO `videos` VALUES ('725', 'Sade-king of sorrow VCD(m) (1).mpg', '47726', '0', '0', '', '0', '0', '', '0');
INSERT INTO `videos` VALUES ('726', 'Sade-Smooth Operator.mpg', '40193', '0', '0', '', '0', '0', '', '0');
INSERT INTO `videos` VALUES ('727', 'Safri Duo Played A Live_OK.avi', '12836', '0', '0', '', '0', '0', '', '0');
INSERT INTO `videos` VALUES ('728', 'sample VM ALGT.mpg', '10222', '0', '0', '', '0', '0', '', '0');
INSERT INTO `videos` VALUES ('729', 'Santana - Maria Maria_OK.asf', '16443', '0', '0', '', '0', '0', '', '0');
INSERT INTO `videos` VALUES ('730', 'Santana con Mana - Corazon Espinado_OK.mpeg', '37662', '0', '0', '', '0', '0', '', '0');
INSERT INTO `videos` VALUES ('731', 'Santana With Rob Thomas - Smooth_OK.mpg', '44608', '0', '0', '', '0', '0', '', '0');
INSERT INTO `videos` VALUES ('732', 'Sarah Brightman & Andrea Bocelli - Time To Say Goodbye.mpg', '41044', '0', '0', '', '0', '0', '', '0');
INSERT INTO `videos` VALUES ('733', 'Sarah Connor - French Kissing.mpg', '32782', '0', '0', '', '0', '0', '', '0');
INSERT INTO `videos` VALUES ('734', 'Sarah Connor - From Sarah with love.mpg', '42347', '0', '0', '', '0', '0', '', '0');
INSERT INTO `videos` VALUES ('735', 'sarah_connor_feat_tq_(PF)_-_lets_get_bac.mpg', '79881', '0', '0', '', '0', '0', '', '0');
INSERT INTO `videos` VALUES ('736', 'Satriani, Joe - Big Bad Moon_OK.mpg', '46999', '0', '0', '', '0', '0', '', '0');
INSERT INTO `videos` VALUES ('737', 'Satriani, Joe - Flying In A Blue Dream_OK.mpg', '5501', '0', '0', '', '0', '0', '', '0');
INSERT INTO `videos` VALUES ('738', 'Satriani, Joe - I Believe_OK.mpg', '49432', '0', '0', '', '0', '0', '', '0');
INSERT INTO `videos` VALUES ('739', 'Satriani, Joe - National Anthem (mets - Giants)_OK.mpg', '16392', '0', '0', '', '0', '0', '', '0');
INSERT INTO `videos` VALUES ('740', 'Satriani, Joe - Satch Boogie_OK.mpg', '2186', '0', '0', '', '0', '0', '', '0');
INSERT INTO `videos` VALUES ('741', 'Satriani, Joe - Summer Song_OK.mpg', '49831', '0', '0', '', '0', '0', '', '0');
INSERT INTO `videos` VALUES ('743', 'Scooter-Ramp! (The Logical Song) Live.mpeg', '43244', '0', '0', '', '0', '0', '', '0');
INSERT INTO `videos` VALUES ('744', 'Scorpions - No One Like You_OK.mpg', '41728', '0', '0', '', '0', '0', '', '0');
INSERT INTO `videos` VALUES ('745', 'Scorpions - Rhythm Of Love_OK.mpg', '40863', '0', '0', '', '0', '0', '', '0');
INSERT INTO `videos` VALUES ('746', 'Scorpions - Rock You Like A Hurricane_OK.mpg', '44612', '0', '0', '', '0', '0', '', '0');
INSERT INTO `videos` VALUES ('747', 'Scorpions - Still Loving You_OK.mpg', '50422', '0', '0', '', '0', '0', '', '0');
INSERT INTO `videos` VALUES ('748', 'Scorpions - Wind Of Change_OK.mpg', '48914', '0', '0', '', '0', '0', '', '0');
INSERT INTO `videos` VALUES ('749', 'Shaggy - Boombastic_OK.mpg', '38601', '0', '0', '', '0', '0', '', '0');
INSERT INTO `videos` VALUES ('750', 'Shaggy - It wasnt me_OK.mpg', '38382', '0', '0', '', '0', '0', '', '0');
INSERT INTO `videos` VALUES ('751', 'Shaggy & Janet Jackson - Luv Me, Luv Me_OK.mpg', '38063', '0', '0', '', '0', '0', '', '0');
INSERT INTO `videos` VALUES ('752', 'Shakira_Whenever_Whenever.avi', '30788', '0', '0', '', '0', '0', '', '0');
INSERT INTO `videos` VALUES ('753', 'shakira-whenever_wherever-svcd_(ntsc)-cappa.m2v', '66461', '0', '0', '', '0', '0', '', '0');
INSERT INTO `videos` VALUES ('754', 'Sheryl Crow - My Favorite Mistake(Live with Eric Clapton).MPG', '47349', '0', '0', '', '0', '0', '', '0');
INSERT INTO `videos` VALUES ('755', 'Sheryl Crow & Sarah McLachlan - The Difficult Kind (Live).mpg', '58346', '0', '0', '', '0', '0', '', '0');
INSERT INTO `videos` VALUES ('756', 'Sheryl Crow and Dixie Chicks - Strong Enough (Live at Central Park).mpeg', '37234', '0', '0', '', '0', '0', '', '0');
INSERT INTO `videos` VALUES ('757', 'Sheryl_Crow_Tribute_To_Heroes_09212001_vcd.mpg', '52355', '0', '0', '', '0', '0', '', '0');
INSERT INTO `videos` VALUES ('758', 'Sinead O\'Connor - Nothing Compares To U.mpg', '52398', '0', '0', '', '0', '0', '', '0');
INSERT INTO `videos` VALUES ('759', 'Sita_-_Happy_OK.avi', '36052', '0', '0', '', '0', '0', '', '0');
INSERT INTO `videos` VALUES ('760', 'Sixpence NTR - Kiss Me_OK.asf', '10144', '0', '0', '', '0', '0', '', '0');
INSERT INTO `videos` VALUES ('761', 'Slayer - Satan\'s Children Boot Vid - Assassin_NOK.mpg', '2858', '0', '0', '', '0', '0', '', '0');
INSERT INTO `videos` VALUES ('762', 'Smash Mouth - Walkin\' On The Sun.mpg', '37196', '0', '0', '', '0', '0', '', '0');
INSERT INTO `videos` VALUES ('763', 'Smashing Pumpkins - Disarm.mov', '11868', '0', '0', '', '0', '0', '', '0');
INSERT INTO `videos` VALUES ('764', 'SNL Music - Faith No More - Epic.mpeg', '51654', '0', '0', '', '0', '0', '', '0');
INSERT INTO `videos` VALUES ('767', 'Sonny and Cher - I got you babe.mpg', '30666', '0', '0', '', '0', '0', '', '0');
INSERT INTO `videos` VALUES ('768', 'Soundgarden - Black Hole Sun_OK.mpg', '54224', '0', '0', '', '0', '0', '', '0');
INSERT INTO `videos` VALUES ('769', 'Soundgarden - Jesus Christ Pose_OK.mpg', '59728', '0', '0', '', '0', '0', '', '0');
INSERT INTO `videos` VALUES ('770', 'Soundgarden - Rusty Cage_OK.mpg', '34496', '0', '0', '', '0', '0', '', '0');
INSERT INTO `videos` VALUES ('771', 'Soundgarden - Spoonman_OK.mpg', '44306', '0', '0', '', '0', '0', '', '0');
INSERT INTO `videos` VALUES ('772', 'Spears, Britney - Born To Make You Happy_OK.asf', '13831', '0', '0', '', '0', '0', '', '0');
INSERT INTO `videos` VALUES ('774', 'Spears, Britney - Im A Slave For You_OK.mpeg', '34976', '0', '0', '', '0', '0', '', '0');
INSERT INTO `videos` VALUES ('775', 'Spears, Britney - Medley (Live EMA)_OK.asf', '14197', '0', '0', '', '0', '0', '', '0');
INSERT INTO `videos` VALUES ('776', 'Spears, Britney - Oops... I Did it Again_OK.asf', '16091', '0', '0', '', '0', '0', '', '0');
INSERT INTO `videos` VALUES ('777', 'Spears, Britney - Sometimes_OK.asf', '13428', '0', '0', '', '0', '0', '', '0');
INSERT INTO `videos` VALUES ('778', 'Spears, Britney - Stronger_OK.avi', '5757', '0', '0', '', '0', '0', '', '0');
INSERT INTO `videos` VALUES ('779', 'Spears, Britney - Teen Choice Awards 99 - SometimesCrazy_OK.mpeg', '61127', '0', '0', '', '0', '0', '', '0');
INSERT INTO `videos` VALUES ('780', 'Springsteen, Bruce - Born To Run_OK.mpg', '48785', '0', '0', '', '0', '0', '', '0');
INSERT INTO `videos` VALUES ('781', 'Stabbing Westward - So Far Away_OK.mpg', '40888', '0', '0', '', '0', '0', '', '0');
INSERT INTO `videos` VALUES ('782', 'Staind - It\'s Been A While (Live On Leno).mpeg', '40849', '0', '0', '', '0', '0', '', '0');
INSERT INTO `videos` VALUES ('783', 'Staind - Its Been Awhile (1).mpeg', '51035', '0', '0', '', '0', '0', '', '0');
INSERT INTO `videos` VALUES ('784', 'Staind - Open Your Eyes(Live).mpeg', '40479', '0', '0', '', '0', '0', '', '0');
INSERT INTO `videos` VALUES ('785', 'Staind - Unplugged - 06 - It\'s Been Awhile.mpeg', '49719', '0', '0', '', '0', '0', '', '0');
INSERT INTO `videos` VALUES ('786', 'Staind_ - _home_live_mtv_unplugged_OK.mpeg', '48048', '0', '0', '', '0', '0', '', '0');
INSERT INTO `videos` VALUES ('787', 'Steve Vai - anthem.mov', '14006', '0', '0', '', '0', '0', '', '0');
INSERT INTO `videos` VALUES ('788', 'Steve Vai - Star spangled banner.mov', '14006', '0', '0', '', '0', '0', '', '0');
INSERT INTO `videos` VALUES ('789', 'Steve Vai - Tender Surrender (Live in Detroit).mov', '15341', '0', '0', '', '0', '0', '', '0');
INSERT INTO `videos` VALUES ('790', 'Steve Vai-For the love of God (G3 Live).mpg', '45712', '0', '0', '', '0', '0', '', '0');
INSERT INTO `videos` VALUES ('791', 'Steve_Vai_(Alcatrazz)_-_Jet_To_Jet.mpg', '56749', '0', '0', '', '0', '0', '', '0');
INSERT INTO `videos` VALUES ('792', 'Vaughan, Stevie Ray - Coldshot.mpg', '36356', '4', '12', 'leider nicht ganz vollständig', '2', '1984', '', '0');
INSERT INTO `videos` VALUES ('793', 'Stone Temple Pilots - Revolution (Beatles Cover-John Lennon Tribute Live).mpe', '39006', '0', '0', '', '0', '0', '', '0');
INSERT INTO `videos` VALUES ('794', 'Stratovarius - A Million Light Years Away_OK.mpg', '39987', '0', '0', '', '0', '0', '', '0');
INSERT INTO `videos` VALUES ('795', 'Stratovarius - Hunting High And Low_OK.mpg', '49598', '0', '0', '', '0', '0', '', '0');
INSERT INTO `videos` VALUES ('796', 'Stratovarius - Speed Of Light (Live At Tavastia Club)_OK.mpg', '4419', '0', '0', '', '0', '0', '', '0');
INSERT INTO `videos` VALUES ('797', 'Styx - Mr.roboto.mpg', '57039', '0', '0', '', '0', '0', '', '0');
INSERT INTO `videos` VALUES ('798', 'sugababes-round_round-svcd-2002-ztoffe-mkv.m2v', '79354', '0', '0', '', '0', '0', '', '0');
INSERT INTO `videos` VALUES ('799', 'Sum-41_Fat_Lip_OK.avi', '25956', '0', '0', '', '0', '0', '', '0');
INSERT INTO `videos` VALUES ('800', 'Sylver_Turn_the_tide_OK.avi', '26502', '0', '0', '', '0', '0', '', '0');
INSERT INTO `videos` VALUES ('801', 'Taco_Puttin\' On The Ritz.mpg', '4628', '0', '0', '', '0', '0', '', '0');
INSERT INTO `videos` VALUES ('802', 'Texas - Summer Son_OK.asf', '13022', '0', '0', '', '0', '0', '', '0');
INSERT INTO `videos` VALUES ('803', 'The Corrs  -  [clip] Garage_OK.mpg', '6152', '0', '0', '', '0', '0', '', '0');
INSERT INTO `videos` VALUES ('804', 'The Corrs  -  [clip] It\'s Dublin_OK.mpg', '807', '0', '0', '', '0', '0', '', '0');
INSERT INTO `videos` VALUES ('806', 'The Corrs  -  [clip] Kennedy1_OK.mpg', '5538', '0', '0', '', '0', '0', '', '0');
INSERT INTO `videos` VALUES ('807', 'The Corrs  -  [clip] Stade_OK.mpg', '255', '0', '0', '', '0', '0', '', '0');
INSERT INTO `videos` VALUES ('808', 'The Corrs  -  Breathless_OK.mpg', '49869', '0', '0', '', '0', '0', '', '0');
INSERT INTO `videos` VALUES ('809', 'The Corrs  -  Joy Of Life_OK.mpg', '43794', '0', '0', '', '0', '0', '', '0');
INSERT INTO `videos` VALUES ('810', 'The Corrs - Breathless (Live @ Pepsi Chart)_NOK.asf', '13019', '0', '0', '', '0', '0', '', '0');
INSERT INTO `videos` VALUES ('811', 'The Corrs - Closer Live At Lawnsdone Road 99_OK.asf', '13379', '0', '0', '', '0', '0', '', '0');
INSERT INTO `videos` VALUES ('812', 'The Corrs - Everybody hurts_OK.mpg', '52792', '0', '0', '', '0', '0', '', '0');
INSERT INTO `videos` VALUES ('813', 'The Corrs - Radio - (live On Mtv Unplugged Dvd - 04)_OK.mpg', '4825', '0', '0', '', '0', '0', '', '0');
INSERT INTO `videos` VALUES ('814', 'The Corrs (unplugged) - 16 - So Young_OK.mpg', '50283', '0', '0', '', '0', '0', '', '0');
INSERT INTO `videos` VALUES ('815', 'The Corrs Live_OK.avi', '62932', '0', '0', '', '0', '0', '', '0');
INSERT INTO `videos` VALUES ('816', 'The Cult- Painted On My Heart_OK.mpg', '38369', '0', '0', '', '0', '0', '', '0');
INSERT INTO `videos` VALUES ('817', 'The Eagles - Take It Easy.mpg', '45704', '0', '0', '', '0', '0', '', '0');
INSERT INTO `videos` VALUES ('818', 'The Eagles_(17)Desperado(Live).mpg', '4291', '0', '0', '', '0', '0', '', '0');
INSERT INTO `videos` VALUES ('819', 'The Matrix - Lobby Shootout.mpg', '32585', '0', '0', '', '0', '0', '', '0');
INSERT INTO `videos` VALUES ('820', 'Tina Turner - Simply The Best.avi', '51264', '0', '0', '', '0', '0', '', '0');
INSERT INTO `videos` VALUES ('821', 'Tina Turner - Whats Love Got To Do With It.mpg', '58382', '0', '0', '', '0', '0', '', '0');
INSERT INTO `videos` VALUES ('823', 'Toni_Braxton)_-_unbreak_my_heart.mpg', '4631', '0', '0', '', '0', '0', '', '0');
INSERT INTO `videos` VALUES ('824', 'toto - africa.mpg', '48551', '0', '0', '', '0', '0', '', '0');
INSERT INTO `videos` VALUES ('826', 'Toto - Rosanna.mpg', '54557', '0', '0', '', '0', '0', '', '0');
INSERT INTO `videos` VALUES ('828', 'Trina - The Baddest Chick_OK.asf', '12871', '0', '0', '', '0', '0', '', '0');
INSERT INTO `videos` VALUES ('829', 'Turner, Tina - Golden Eye_OK.mpg', '46052', '0', '0', '', '0', '0', '', '0');
INSERT INTO `videos` VALUES ('830', 'Turner, Tina - What ever you want_OK.mov', '55997', '0', '0', '', '0', '0', '', '0');
INSERT INTO `videos` VALUES ('831', 'Turner, Tina & Adams, Bryan - It\'s Only Love_OK.mpg', '44116', '0', '0', '', '0', '0', '', '0');
INSERT INTO `videos` VALUES ('832', 'Twain, Shania - Coo-honey I\'m Home_OK.mpg', '62158', '0', '0', '', '0', '0', '', '0');
INSERT INTO `videos` VALUES ('833', 'Tyler, Bonnie - Total Eclipse Of The Heart_OK.mpg', '56466', '0', '0', '', '0', '0', '', '0');
INSERT INTO `videos` VALUES ('834', 'U2 - Elevation_OK.mpg', '40084', '0', '0', '', '0', '0', '', '0');
INSERT INTO `videos` VALUES ('835', 'U2 - Sunday Bloody Sunday (live At Red Rock)_OK.mpg', '61552', '0', '0', '', '0', '0', '', '0');
INSERT INTO `videos` VALUES ('836', 'UB40 - Red Red Wine (videot).mpg', '30355', '0', '0', '', '0', '0', '', '0');
INSERT INTO `videos` VALUES ('837', 'Underworld - Born Slippy.mpg', '52342', '0', '0', '', '0', '0', '', '0');
INSERT INTO `videos` VALUES ('838', 'Underworld - Born Slippy_OK.mpg', '52342', '0', '0', '', '0', '0', '', '0');
INSERT INTO `videos` VALUES ('839', 'Underworld - Cowgirl (live).mpg', '38585', '0', '0', '', '0', '0', '', '0');
INSERT INTO `videos` VALUES ('840', 'Vai, Steve -  Crossroads Guitar Duel_OK.mpg', '25834', '0', '0', '', '0', '0', '', '0');
INSERT INTO `videos` VALUES ('841', 'Vai, Steve - Crossroads_OK.mpg', '5022', '0', '0', '', '0', '0', '', '0');
INSERT INTO `videos` VALUES ('842', 'Vai, Steve - Down Deep Into Pain.mov', '25746', '0', '0', '', '0', '0', '', '0');
INSERT INTO `videos` VALUES ('843', 'Vai, Steve - Sound Check ( New York 97 ).mov', '14004', '0', '0', '', '0', '0', '', '0');
INSERT INTO `videos` VALUES ('844', 'vai.avi', '3032', '0', '0', '', '0', '0', '', '0');
INSERT INTO `videos` VALUES ('845', 'Van Halen - Dreams_OK.mpeg', '65769', '0', '0', '', '0', '0', '', '0');
INSERT INTO `videos` VALUES ('846', 'Van Halen - Eddie Solo From Mean Street - Live Buenos Aires 83_OK.mpg', '21027', '0', '0', '', '0', '0', '', '0');
INSERT INTO `videos` VALUES ('847', 'Van Halen - Hot For Teacher_OK.mpg', '58474', '0', '0', '', '0', '0', '', '0');
INSERT INTO `videos` VALUES ('848', 'Van Halen - Ice Cream Man Live Video.mpeg', '6732', '0', '0', '', '0', '0', '', '0');
INSERT INTO `videos` VALUES ('849', 'Van Halen - Jump_OK.mpeg', '4061', '0', '0', '', '0', '0', '', '0');
INSERT INTO `videos` VALUES ('850', 'Van Halen - Pretty Woman_NOK.asf', '16477', '0', '0', '', '0', '0', '', '0');
INSERT INTO `videos` VALUES ('851', 'Van Halen - Right Now_OK.mpeg', '59369', '0', '0', '', '0', '0', '', '0');
INSERT INTO `videos` VALUES ('852', 'Van Halen - Running With The Devil - Live Buenos Aires 83_OK.mpg', '26751', '0', '0', '', '0', '0', '', '0');
INSERT INTO `videos` VALUES ('853', 'Van Halen- Me Wise Magic (video).avi', '16751', '0', '0', '', '0', '0', '', '0');
INSERT INTO `videos` VALUES ('854', 'Van halen- Panama_OK.asf', '8208', '0', '0', '', '0', '0', '', '0');
INSERT INTO `videos` VALUES ('855', 'Vanessa Mae - Toccata & Fugue [fm].avi', '43528', '0', '0', '', '0', '0', '', '0');
INSERT INTO `videos` VALUES ('856', 'Vaughan, Stevie Ray - Pride & Joy (mtv Unplugged).mpg', '358', '3', '12', '12-String Guitar', '2', '1988', 'Mtv-Unplugged', '0');
INSERT INTO `videos` VALUES ('857', 'Vengaboys - Boom boom boom boom_OK.mpg', '50374', '0', '0', '', '0', '0', '', '0');
INSERT INTO `videos` VALUES ('859', 'Video-Bryan_Adams_&_Tina_Turner-It\'s_Only_Love.mpg', '44116', '0', '0', '', '0', '0', '', '0');
INSERT INTO `videos` VALUES ('860', 'Vinnie_Moore_Speed_ Accuracy_Articulation.mpg', '613851', '0', '0', '', '0', '0', '', '0');
INSERT INTO `videos` VALUES ('861', 'VM ALGT.mpg', '595328', '0', '0', '', '0', '0', '', '0');
INSERT INTO `videos` VALUES ('862', 'Wamdue Project - King Of My Castle.mpg', '32266', '0', '0', '', '0', '0', '', '0');
INSERT INTO `videos` VALUES ('863', 'weezer - buddy holly.mpg', '43936', '0', '0', '', '0', '0', '', '0');
INSERT INTO `videos` VALUES ('864', 'Weezer - Island In The Sun (Spike Jonez Version).mpeg', '36029', '0', '0', '', '0', '0', '', '0');
INSERT INTO `videos` VALUES ('865', 'Weezer - Island in the Sun.mpg', '33662', '0', '0', '', '0', '0', '', '0');
INSERT INTO `videos` VALUES ('866', 'Wham - Last Christmas [1985].mpg', '45799', '0', '0', '', '0', '0', '', '0');
INSERT INTO `videos` VALUES ('867', 'Wheatus - Teenage dirtbag_OK.mpg', '54038', '0', '0', '', '0', '0', '', '0');
INSERT INTO `videos` VALUES ('868', 'White Zombie - More Human Than Human_OK.mpg', '3617', '0', '0', '', '0', '0', '', '0');
INSERT INTO `videos` VALUES ('869', 'WHITNEY HOUSTON - I Will Always Love You.mpg', '47262', '0', '0', '', '0', '0', '', '0');
INSERT INTO `videos` VALUES ('870', 'Willams, Robbie - Millennium_OK.mpg', '48778', '0', '0', '', '0', '0', '', '0');
INSERT INTO `videos` VALUES ('871', 'Williams, Robbie - Eternity_OK.mpg', '47669', '0', '0', '', '0', '0', '', '0');
INSERT INTO `videos` VALUES ('872', 'Williams, Robbie - It\'s Only Us_OK.asf', '9742', '0', '0', '', '0', '0', '', '0');
INSERT INTO `videos` VALUES ('873', 'Williams, Robbie - Let Love Be Your Energy_OK.avi', '21102', '0', '0', '', '0', '0', '', '0');
INSERT INTO `videos` VALUES ('874', 'Williams, Robbie - Rock Dj_OK.mpg', '452', '0', '0', '', '0', '0', '', '0');
INSERT INTO `videos` VALUES ('875', 'Williams, Robbie - Supreme_OK.asf', '16123', '0', '0', '', '0', '0', '', '0');
INSERT INTO `videos` VALUES ('876', 'Williams, Robbie - We Are The Champions[a Knight\'s Tale]_OK.mpg', '41617', '0', '0', '', '0', '0', '', '0');
INSERT INTO `videos` VALUES ('877', 'Williams, Robbie % Minogue, Kylie - Kids_OK.mpg', '49989', '0', '0', '', '0', '0', '', '0');
INSERT INTO `videos` VALUES ('878', 'Williams, Robbie & Minogue, Kylie - Kids @ EMA - live_OK.asf', '23466', '0', '0', '', '0', '0', '', '0');
INSERT INTO `videos` VALUES ('879', 'Yes - Owner Of A Lonely Heart.mpg', '124216', '0', '0', '', '0', '0', '', '0');
INSERT INTO `videos` VALUES ('881', 'Yngwie_Malmsteen_-_OK_Shred_Arpeggios_From_Hell.mpg', '27879', '0', '0', '', '0', '0', '', '0');
INSERT INTO `videos` VALUES ('882', 'ZZ Top - Legs_OK.mpg', '50489', '0', '0', '', '0', '0', '', '0');
INSERT INTO `videos` VALUES ('883', 'Asereje - Las Ketchup - divX5 - TRDR.avi', '44188', '0', '0', '', '0', '0', '', '0');
INSERT INTO `videos` VALUES ('884', 'jessica simpson-where are you(sk).m2v', '85482', '0', '0', '', '0', '0', '', '0');
INSERT INTO `videos` VALUES ('885', 'nwmpeg049-TeenChoice2002^AllYouWanted@Branch_Michelle-003.mpg', '41808', '0', '0', '', '0', '0', '', '0');
INSERT INTO `videos` VALUES ('886', 'nwmpeg068-GoodbyeToYou@Branch_Michelle-006.mpg', '4163', '0', '0', '', '0', '0', '', '0');
INSERT INTO `videos` VALUES ('887', 'Camouflage - The Great Commandment [Video].mpg', '32127', '0', '0', '', '0', '0', '', '0');
INSERT INTO `videos` VALUES ('888', 'Culture Club - Karma Chameleon (videot).mpg', '38401', '0', '0', '', '0', '0', '', '0');
INSERT INTO `videos` VALUES ('889', 'aero_01_aero_introduction.avi', '59278', '0', '0', '', '0', '0', '', '0');
INSERT INTO `videos` VALUES ('890', 'aero_02_oxygene_4.avi', '74476', '0', '0', '', '0', '0', '', '0');
INSERT INTO `videos` VALUES ('891', 'aero_03_chronologie_6.avi', '68704', '0', '0', '', '0', '0', '', '0');
INSERT INTO `videos` VALUES ('892', 'aero_04_oxygene_2.avi', '104356', '0', '0', '', '0', '0', '', '0');
INSERT INTO `videos` VALUES ('893', 'aero_05_equinoxe_4.avi', '66582', '0', '0', '', '0', '0', '', '0');
INSERT INTO `videos` VALUES ('894', 'aero_06_magnetic_fields_2.avi', '68508', '0', '0', '', '0', '0', '', '0');
INSERT INTO `videos` VALUES ('895', 'aero_07_millions_of_stars.avi', '69662', '0', '0', '', '0', '0', '', '0');
INSERT INTO `videos` VALUES ('896', 'aero_08_equinoxe_7.avi', '64474', '0', '0', '', '0', '0', '', '0');
INSERT INTO `videos` VALUES ('897', 'aero_09_magnetic_fields_1.avi', '8491', '0', '0', '', '0', '0', '', '0');
INSERT INTO `videos` VALUES ('898', 'aero_10_oxygene_8.avi', '56502', '0', '0', '', '0', '0', '', '0');
INSERT INTO `videos` VALUES ('899', 'aero_11_souvenir_of_china.avi', '84618', '0', '0', '', '0', '0', '', '0');
INSERT INTO `videos` VALUES ('900', 'aero_12_light_my_sky.avi', '54514', '0', '0', '', '0', '0', '', '0');
INSERT INTO `videos` VALUES ('901', 'aero_13_oxygene_12.avi', '62368', '0', '0', '', '0', '0', '', '0');
INSERT INTO `videos` VALUES ('902', 'Godley & Creme - Cry (videot).mpg', '39681', '0', '0', '', '0', '0', '', '0');
INSERT INTO `videos` VALUES ('903', 'Steve Miller Band_Abracadabra.mpg', '37311', '0', '0', '', '0', '0', '', '0');
INSERT INTO `videos` VALUES ('904', 'Stray Cats - Stray Cats Strut (videot).mpg', '33508', '0', '0', '', '0', '0', '', '0');
INSERT INTO `videos` VALUES ('905', 'The Rolling Stones - Harlem Shuffle (videot).mpg', '40039', '0', '0', '', '0', '0', '', '0');
INSERT INTO `videos` VALUES ('906', 'Bon Jovi - In Concert (ntsc-vcd) [jv].mpg', '893126', '0', '0', '', '0', '0', '', '0');
INSERT INTO `videos` VALUES ('907', 'Eddie Money - Take Me Home Tonight(LD) (videot).mpg', '36404', '0', '0', '', '0', '0', '', '0');
INSERT INTO `videos` VALUES ('908', 'Jackson-Brown-(Lives-in-the-balance)-Live-r00tard.avi', '38492', '0', '0', '', '0', '0', '', '0');
INSERT INTO `videos` VALUES ('909', 'Live-(Dolphins-Cry)-Live-r00tard.avi.avi', '37946', '0', '0', '', '0', '0', '', '0');
INSERT INTO `videos` VALUES ('910', 'Robert Plant-letterman 7-18-02 VCD(m).mpg', '40591', '0', '0', '', '0', '0', '', '0');
INSERT INTO `videos` VALUES ('911', 'Talk Talk_Talk Talk.mpg', '34209', '0', '0', '', '0', '0', '', '0');
INSERT INTO `videos` VALUES ('912', 'TheMoodyBlues-GoNow-totp2-drf.mpg', '30562', '0', '0', '', '0', '0', '', '0');
INSERT INTO `videos` VALUES ('913', 'Tom Petty- refugee  \'79 SNL VCD(m).mpg', '37901', '0', '0', '', '0', '0', '', '0');
INSERT INTO `videos` VALUES ('914', 'Eagles - Tequila Sunrise.mpg', '32931', '0', '0', '', '0', '0', '', '0');
INSERT INTO `videos` VALUES ('915', 'Eagles - Wasted Time.mpg', '51182', '0', '0', '', '0', '0', '', '0');
INSERT INTO `videos` VALUES ('916', 'poison-every_rose_has_its_thorn-svcd-1988-fran-mkv.m2v', '100118', '0', '0', '', '0', '0', '', '0');
INSERT INTO `videos` VALUES ('917', 'red_hot_chili_peppers-the_zephyr_song-svcd-louca-mvi.mpg', '77514', '0', '0', '', '0', '0', '', '0');
INSERT INTO `videos` VALUES ('918', 'Red-Hot-Chilli-Peppers-(Give-it-Away)-r00tard.avi', '778', '0', '0', '', '0', '0', '', '0');
INSERT INTO `videos` VALUES ('919', 'Red-Hot-Chilli-Peppers-(Stone-Cold-Bush)-SNL-r00tard.avi', '49046', '0', '0', '', '0', '0', '', '0');
INSERT INTO `videos` VALUES ('920', 'Red-Hot-Chilli-Peppers-(Under-the-Bridge)-SNL-r00tard.avi', '51372', '0', '0', '', '0', '0', '', '0');
INSERT INTO `videos` VALUES ('921', 'Stewart,_Rod  - D`ya Think I`m Sexy.mpg', '41718', '0', '0', '', '0', '0', '', '0');
INSERT INTO `videos` VALUES ('922', 'Eagles - Life - - In The Fast Lane (hell freezes over - live 99).mpg', '50267', '0', '0', '', '0', '1999', '', '0');
INSERT INTO `videos` VALUES ('923', 'Christina Aguilera - Infactuation (Winter Olympics 2002) (SVCD-TB-VME).m2v', '91315', '0', '0', '', '0', '0', '', '0');
INSERT INTO `videos` VALUES ('924', 'Deep Blue Something - Breakfast At Tiffanys.mpg', '43124', '0', '0', '', '0', '0', '', '0');
INSERT INTO `videos` VALUES ('925', 'Erasure - Chains Of Love.mpg', '36008', '0', '0', '', '0', '0', '', '0');
INSERT INTO `videos` VALUES ('926', 'ABBA - Does Your Mother Know.mpg', '32986', '0', '0', '', '0', '0', '', '0');
INSERT INTO `videos` VALUES ('927', 'ABBA - Gimme! Gimme! Gimme!.mpg', '34537', '0', '0', '', '0', '0', '', '0');
INSERT INTO `videos` VALUES ('928', 'ABBA - I Have A Dream (live).mpg', '45868', '0', '0', '', '0', '0', '', '0');
INSERT INTO `videos` VALUES ('929', 'ABBA - Knowing Me, Knowing You.mpg', '41508', '0', '0', '', '0', '0', '', '0');
INSERT INTO `videos` VALUES ('930', 'ABBA - Mamma Mia.mpg', '37068', '0', '0', '', '0', '0', '', '0');
INSERT INTO `videos` VALUES ('931', 'ABBA - Money, Money, Money.mpg', '32653', '0', '0', '', '0', '0', '', '0');
INSERT INTO `videos` VALUES ('932', 'ABBA_Bang-A-Boomerang.mpg', '31962', '0', '0', '', '0', '0', '', '0');
INSERT INTO `videos` VALUES ('933', 'ABBA_Eagle.mpg', '39456', '0', '0', '', '0', '0', '', '0');
INSERT INTO `videos` VALUES ('934', 'ABBA_Head Over Heals.mpg', '39313', '0', '0', '', '0', '0', '', '0');
INSERT INTO `videos` VALUES ('935', 'ABBA_I Do, I Do, I Do, I Do, I Do.mpg', '34209', '0', '0', '', '0', '0', '', '0');
INSERT INTO `videos` VALUES ('936', 'ABBA_On & On & On.mpg', '43357', '0', '0', '', '0', '0', '', '0');
INSERT INTO `videos` VALUES ('938', '- 02 - Mr. Brownstone [Live Buenos Aires 1992] by Limulus[PAL].mpg', '48016', '1', '3', '', '3', '1980', 'Appetite for Destruction', '46');
INSERT INTO `videos` VALUES ('939', '- 03 - Live And Let Die [Live Buenos Aires 1992] by Limulus[PAL].mpg', '42917', '0', '0', '', '0', '0', '', '0');
INSERT INTO `videos` VALUES ('940', '- 04 - Attitude [Live Buenos Aires 1992] by Limulus[PAL].mpg', '40665', '0', '0', '', '0', '0', '', '0');
INSERT INTO `videos` VALUES ('941', 'Guns´n´Roses -  Instrumental Blues [Live Buenos Aires 1992] by Limulus[PAL].mpg', '85936', '2', '3', '', '2', '1985', 'Appetite for Destruction', '46');
INSERT INTO `videos` VALUES ('942', '- 06 - Yesterdays [Live Buenos Aires 1992] by Limulus[PAL].mpg', '35945', '0', '0', '', '0', '0', '', '0');
INSERT INTO `videos` VALUES ('943', '- 07 - Double Talkin`Jive [Live Buenos Aires 1992] by Limulus[PAL].mpg', '93214', '0', '0', '', '0', '0', '', '0');
INSERT INTO `videos` VALUES ('944', '- 08 - Civil War [Live Buenos Aires 1992] by Limulus[PAL].mpg', '92824', '0', '0', '', '0', '0', '', '0');
INSERT INTO `videos` VALUES ('945', '- 09 - Wild Horses [Live Buenos Aires 1992] by Limulus[PAL].mpg', '26864', '0', '0', '', '0', '0', '', '0');
INSERT INTO `videos` VALUES ('946', '- 10 - Patience [Live Buenos Aires 1992] by Limulus[PAL].mpg', '71806', '0', '0', '', '0', '0', '', '0');
INSERT INTO `videos` VALUES ('947', '(MusicVideo) Journey - Higher Place .mpg', '59829', '0', '0', '', '0', '0', '', '0');
INSERT INTO `videos` VALUES ('948', '2 - Fat Old Sun.mpg', '5872', '0', '0', '', '0', '0', '', '0');
INSERT INTO `videos` VALUES ('949', '3 - High Hopes.mpg', '133206', '0', '0', '', '0', '0', '', '0');
INSERT INTO `videos` VALUES ('950', '5 - Wish You Were Here.mpg', '85126', '0', '0', '', '0', '0', '', '0');
INSERT INTO `videos` VALUES ('951', '6 - Comfortably Numb.mpg', '117512', '0', '0', '', '0', '0', '', '0');
INSERT INTO `videos` VALUES ('952', '7 - Dimming Of The Day.mpg', '53157', '0', '0', '', '0', '0', '', '0');
INSERT INTO `videos` VALUES ('953', '8 - Shine On You Crazy Diamond Pts 6-8.mpg', '10148', '0', '0', '', '0', '0', '', '0');
INSERT INTO `videos` VALUES ('954', '9 - Hushabye Mountain.mpg', '29572', '0', '0', '', '0', '0', '', '0');
INSERT INTO `videos` VALUES ('955', 'Benny Goodman - Why Dont You Do Right.mpg', '25687', '0', '0', '', '0', '0', '', '0');
INSERT INTO `videos` VALUES ('956', 'Bruce Springsteen - Born To Run - Live (Great Quality Made By KeesieKees).avi', '384', '0', '0', '', '0', '0', '', '0');
INSERT INTO `videos` VALUES ('957', 'Cab Calloway - Blues in the Night.mpg', '33004', '0', '0', '', '0', '0', '', '0');
INSERT INTO `videos` VALUES ('958', 'cliffsofdover.wmv', '12516', '0', '0', '', '0', '0', '', '0');
INSERT INTO `videos` VALUES ('959', 'Eleanor Powell - Hula-tap.mpg', '26646', '0', '0', '', '0', '0', '', '0');
INSERT INTO `videos` VALUES ('960', 'ELO-Showdown-totp2-22-10-02-drf.mpg', '38312', '0', '0', '', '0', '0', '', '0');
INSERT INTO `videos` VALUES ('961', 'Enigma - Principals Of Lust (SVCD).[jv].m2v', '68215', '0', '0', '', '0', '0', '', '0');
INSERT INTO `videos` VALUES ('962', 'Enigma - Sadness (SVCD) [jv].m2v', '79207', '0', '0', '', '0', '0', '', '0');
INSERT INTO `videos` VALUES ('963', 'Eurythmics -  Missionary Man [jv].m2v', '79897', '0', '0', '', '0', '0', '', '0');
INSERT INTO `videos` VALUES ('964', 'Eurythmics - I Need A Man [jv].m2v', '78417', '0', '0', '', '0', '0', '', '0');
INSERT INTO `videos` VALUES ('965', 'Eurythmics - Sex Crime [jv].m2v', '71536', '0', '0', '', '0', '0', '', '0');
INSERT INTO `videos` VALUES ('966', 'Eurythmics - Sweet Dreams [jv].m2v', '52015', '0', '0', '', '0', '0', '', '0');
INSERT INTO `videos` VALUES ('967', 'Faith Hill - This Kiss.mpg', '32934', '0', '0', '', '0', '0', '', '0');
INSERT INTO `videos` VALUES ('968', 'Fleetwood Mac-as long as you follow VCD(m).mpg', '42093', '0', '0', '', '0', '0', '', '0');
INSERT INTO `videos` VALUES ('969', 'Fleetwood Mac-gypsy(studio) VCD(m).mpg', '49283', '0', '0', '', '0', '0', '', '0');
INSERT INTO `videos` VALUES ('970', 'Fred Astaire - Puttin on the Ritz.mpg', '47052', '0', '0', '', '0', '0', '', '0');
INSERT INTO `videos` VALUES ('971', 'guns_n_roses-you_could_be_mine__svcd-fran-mkv.m2v', '128514', '0', '0', '', '0', '0', '', '0');
INSERT INTO `videos` VALUES ('972', 'Holly_Valance-Down_Boy-Top_Of_The_Pops_UK-11th_October_2002-svcd-RichieH-vme.m2v', '60095', '0', '0', '', '0', '0', '', '0');
INSERT INTO `videos` VALUES ('973', 'Holly_Valance-Kiss_Kiss-Disney_Kids_Awards_2002-svcd-RichieH-vme.m2v', '68034', '0', '0', '', '0', '0', '', '0');
INSERT INTO `videos` VALUES ('974', 'Holly_Valance-Tuck_Your_Shirt_In-CDUK-12th_Oct_2002-svcd-RichieH-vme.m2v', '64566', '0', '0', '', '0', '0', '', '0');
INSERT INTO `videos` VALUES ('975', 'Holly_Valance-Tuck_Your_Shirt_In-Pop-12th_Oct_2002-svcd-RichieH-vme.m2v', '72677', '0', '0', '', '0', '0', '', '0');
INSERT INTO `videos` VALUES ('976', 'incubus_-_nice_to_know_you-v1p0n3-ucv.mpeg', '49078', '0', '0', '', '0', '0', '', '0');
INSERT INTO `videos` VALUES ('977', 'John Petrucci, Joe Satriani, Steve Vai - La Grange (ZZ Top Cover, live, G3 tour).avi', '22796', '0', '0', '', '0', '0', '', '0');
INSERT INTO `videos` VALUES ('978', 'KoRn_-_Shoots_and_Ladders-cubert-nV.mpeg', '37291', '0', '0', '', '0', '0', '', '0');
INSERT INTO `videos` VALUES ('979', 'Marilyn Manson - Fight Song-slipkorn-nV.mpg', '30135', '0', '0', '', '0', '0', '', '0');
INSERT INTO `videos` VALUES ('980', 'Marilyn Manson - I Don´t Like The Drugs.mpg', '48307', '0', '0', '', '0', '0', '', '0');
INSERT INTO `videos` VALUES ('981', 'Marilyn Manson -- Long Hard Road Out Of Hell.mpg', '44161', '0', '0', '', '0', '0', '', '0');
INSERT INTO `videos` VALUES ('982', 'Marilyn Manson - Lunchbox.mpg', '47482', '0', '0', '', '0', '0', '', '0');
INSERT INTO `videos` VALUES ('983', 'Marilyn Manson - Man That You Fear.mpg', '10212', '0', '0', '', '0', '0', '', '0');
INSERT INTO `videos` VALUES ('984', 'Marilyn Manson - Rock Is Dead(1).mpg', '32413', '0', '0', '', '0', '0', '', '0');
INSERT INTO `videos` VALUES ('985', 'Marilyn Manson - Video - Tourniquet.mpg', '55824', '0', '0', '', '0', '0', '', '0');
INSERT INTO `videos` VALUES ('986', 'Michael Jakson - Thriller.mpg', '135786', '0', '0', '', '0', '0', '', '0');
INSERT INTO `videos` VALUES ('987', 'MilliVanilli-GirlYouKnowItsTrue-totp2-22-10-02-drf.mpg', '34581', '0', '0', '', '0', '0', '', '0');
INSERT INTO `videos` VALUES ('988', 'Music Video Olivia Newton John and John Travolta  - Grease - The one that I want[GRS].mpg', '37944', '0', '0', '', '0', '0', '', '0');
INSERT INTO `videos` VALUES ('989', 'Queen - Radio Gaga.mpg', '57227', '0', '0', '', '0', '0', '', '0');
INSERT INTO `videos` VALUES ('990', 'Queen_I Want To Break Free(of).mpg', '44635', '0', '0', '', '0', '0', '', '0');
INSERT INTO `videos` VALUES ('991', 'Queensryche - Silent Lucidity (mp).mpg', '5854', '0', '0', '', '0', '0', '', '0');
INSERT INTO `videos` VALUES ('992', 'Rolling Stones-beast of burden 77 SNL VCD(m).mpg', '54203', '0', '0', '', '0', '0', '', '0');
INSERT INTO `videos` VALUES ('993', 'Rolling Stones-shattered 77 SNL VCD(m).mpg', '46301', '0', '0', '', '0', '0', '', '216');
INSERT INTO `videos` VALUES ('994', 'Sinitta-ToyBoy-totp2-drf.mpg', '29468', '0', '0', '', '0', '0', '', '0');
INSERT INTO `videos` VALUES ('995', 'The Corrs - Especial Musica Si - 01 - Intro.mpg', '46118', '0', '0', '', '0', '0', '', '0');
INSERT INTO `videos` VALUES ('996', 'The Corrs - Especial Musica Si - 02 - Only When I Sleep.mpg', '89622', '0', '0', '', '0', '0', '', '0');
INSERT INTO `videos` VALUES ('997', 'The Corrs - Especial Musica Si - 03 - Runaway.mpg', '85166', '0', '0', '', '0', '0', '', '0');
INSERT INTO `videos` VALUES ('998', 'The Corrs - Especial Musica Si - 04 - Breathless.mpg', '72992', '0', '0', '', '0', '0', '', '0');
INSERT INTO `videos` VALUES ('999', 'The Corrs - Especial Musica Si - 05 - Interview (Spanish).mpg', '55878', '0', '0', '', '0', '0', '', '0');
INSERT INTO `videos` VALUES ('1000', 'The Corrs - Especial Musica Si - 06 - Would You Be Happier.mpg', '70994', '0', '0', '', '0', '0', '', '0');
INSERT INTO `videos` VALUES ('1001', 'The Corrs - Especial Musica Si - 07 - What Can I Do.mpg', '9967', '0', '0', '', '0', '0', '', '0');
INSERT INTO `videos` VALUES ('1002', 'The Corrs And Alejandro Sanz - Me Ire (The Hardest Day).mpg', '63867', '0', '0', '', '0', '0', '', '0');
INSERT INTO `videos` VALUES ('1003', 'Tom Petty - You Got Lucky.mpg', '46847', '0', '0', '', '0', '0', '', '0');
INSERT INTO `videos` VALUES ('1004', 'u96-das_boot-svcd_(ntsc)-cappa.m2v', '69888', '0', '0', '', '0', '0', '', '0');
INSERT INTO `videos` VALUES ('1005', 'Vengaboys - Up And Down.mpg', '37702', '0', '0', '', '0', '0', '', '0');
INSERT INTO `videos` VALUES ('1006', 'lz01_02vcd.mpg', '601253', '0', '0', '', '0', '0', '', '0');
INSERT INTO `videos` VALUES ('1007', 'The.Doors.Live In Europe DVD.Divx.avi', '611946', '0', '0', '', '0', '0', '', '174');
INSERT INTO `videos` VALUES ('1008', 'Van Halen-MTV2\'s artist collection VCD(m).mpg', '428074', '0', '0', '', '0', '0', '', '0');
INSERT INTO `videos` VALUES ('1009', 'ACDC - Dirty Deeds (Done Dirt Cheap).mpg', '32789', '0', '0', '', '0', '0', '', '0');
INSERT INTO `videos` VALUES ('1010', 'ACDC - Highway To Hell.mpeg', '44387', '0', '0', '', '0', '0', '', '0');
INSERT INTO `videos` VALUES ('1011', 'Bon_Jovi-Live_In_Manhattan_2002-04-Bounce-svcd-RichieH-vme.m2v', '65638', '0', '0', '', '0', '0', '', '0');
INSERT INTO `videos` VALUES ('1012', 'Buddy Holly & The Crickets_Peggy Sue(1957)(OldFart).mpg', '37109', '0', '0', '', '0', '0', '', '0');
INSERT INTO `videos` VALUES ('1013', 'Buddy Holly_That\'ll Be The Day(1957)(OldFart).mpg', '26928', '0', '0', '', '0', '0', '', '0');
INSERT INTO `videos` VALUES ('1014', 'Cranberries - Linger.mpeg', '46711', '0', '0', '', '0', '0', '', '0');
INSERT INTO `videos` VALUES ('1015', 'Cult-she sells sanctuary VCD(m).mpg', '44138', '0', '0', '', '0', '0', '', '0');
INSERT INTO `videos` VALUES ('1016', 'David Lee Roth - California girls.mpg', '39167', '0', '0', '', '0', '0', '', '0');
INSERT INTO `videos` VALUES ('1017', 'Do Diddley_Bo Diddley(1955)(OldFart).mpg', '23535', '0', '0', '', '0', '0', '', '0');
INSERT INTO `videos` VALUES ('1018', 'Elvis Presley_Don\'t Be Cruel(1956)(OldFart).mpg', '41632', '0', '0', '', '0', '0', '', '0');
INSERT INTO `videos` VALUES ('1019', 'Elvis Presley_Hound Dog(1956)(OldFart).mpg', '50799', '0', '0', '', '0', '0', '', '0');
INSERT INTO `videos` VALUES ('1020', 'Elvis Presley_Too Much(1957)(OldFart).mpg', '51382', '0', '0', '', '0', '0', '', '0');
INSERT INTO `videos` VALUES ('1021', 'Elvis_Vs_JXL-A_Little_Less_Conversation-National_Music_Awards_2002-svcd-RichieH-vme.m2v', '72875', '0', '0', '', '0', '0', '', '0');
INSERT INTO `videos` VALUES ('1022', 'Falco - Rock Me Amadeus.mpg', '34756', '0', '0', '', '0', '0', '', '0');
INSERT INTO `videos` VALUES ('1023', 'Fats Domino_Blueberry Hill(1956)(OldFart).mpg', '31694', '0', '0', '', '0', '0', '', '0');
INSERT INTO `videos` VALUES ('1024', 'Fats Domino_Let The Four Winds Blow(1962)(OldFart).mpg', '22841', '0', '0', '', '0', '0', '', '0');
INSERT INTO `videos` VALUES ('1025', 'Jerry Lee Lewis_What\'d I Say(1959)(OldFart).mpg', '24661', '0', '0', '', '0', '0', '', '0');
INSERT INTO `videos` VALUES ('1026', 'john- anthrax- inside out.mpg', '47392', '0', '0', '', '0', '0', '', '0');
INSERT INTO `videos` VALUES ('1027', 'john- anthrax- nothing.mpg', '47987', '0', '0', '', '0', '0', '', '0');
INSERT INTO `videos` VALUES ('1028', 'Las Ketchup - The Ketchup Song (ASEREJE) (2002-SVCD-INT-Proper-Musicvid-VME).m2v', '53823', '0', '0', '', '0', '0', '', '0');
INSERT INTO `videos` VALUES ('1029', 'Lynyrd Skynyrd - I Ain\'t The One.m2v', '71626', '0', '0', '', '0', '0', '', '0');
INSERT INTO `videos` VALUES ('1030', 'Lynyrd Skynyrd - What\'s Your Name [jv].m2v', '65694', '0', '0', '', '0', '0', '', '0');
INSERT INTO `videos` VALUES ('1031', 'Richie Havens  & Groove Armada - Hands Of Time (jools).mpg', '72913', '0', '0', '', '0', '0', '', '0');
INSERT INTO `videos` VALUES ('1032', 'Robbie_Williams-Shes_The_One_(With_Commentary)-2000-svcd-RichieH-vme.m2v', '102962', '0', '0', '', '0', '0', '', '0');
INSERT INTO `videos` VALUES ('1033', 'Sabrina-Boys_(Summertime_Love)-1988-svcd-RichieH-vme.m2v', '74005', '0', '0', '', '0', '0', '', '0');
INSERT INTO `videos` VALUES ('1034', 'Sophie Ellis-Bextor - Take Me Home (SVCD).mpg', '83389', '0', '0', '', '0', '0', '', '0');
INSERT INTO `videos` VALUES ('1035', 'Vanessa_Paradis-Joe_Le_Taxi-1988-svcd-RichieH-vme.m2v', '81145', '0', '0', '', '0', '0', '', '0');
INSERT INTO `videos` VALUES ('1036', 'Erasure - A Little Respect.mpg', '32842', '0', '0', '', '0', '0', '', '0');
INSERT INTO `videos` VALUES ('1037', 'Erasure - Always.mpg', '25738', '0', '0', '', '0', '0', '', '0');
INSERT INTO `videos` VALUES ('1038', 'Erasure - Oh L\'Amour.mpg', '3353', '0', '0', '', '0', '0', '', '0');
INSERT INTO `videos` VALUES ('1039', 'Erasure - Take A Chance On Me.mpg', '3298', '0', '0', '', '0', '0', '', '0');
